[18Sep2025 17:22:00.400] [main/INFO] [cpw.mods.modlauncher.Launcher/MODLAUNCHER]: ModLauncher running: args [--launchTarget, forgeserver, --fml.forgeVersion, 47.4.0, --fml.mcVersion, 1.20.1, --fml.forgeGroup, net.minecraftforge, --fml.mcpVersion, 20230612.114412, nogui]
[18Sep2025 17:22:00.404] [main/INFO] [cpw.mods.modlauncher.Launcher/MODLAUNCHER]: ModLauncher 10.0.9+10.0.9+main.dcd20f30 starting: java version 17.0.16 by Ubuntu; OS Linux arch amd64 version 6.8.0-1030-azure
[18Sep2025 17:22:13.608] [main/INFO] [net.minecraftforge.fml.loading.ImmediateWindowHandler/]: ImmediateWindowProvider not loading because launch target is forgeserver
[18Sep2025 17:22:13.820] [main/INFO] [mixin/]: SpongePowered MIXIN Subsystem Version=0.8.5 Source=union:/workspaces/RES/servidor_minecraft/libraries/org/spongepowered/mixin/0.8.5/mixin-0.8.5.jar%2365!/ Service=ModLauncher Env=SERVER
[18Sep2025 17:22:14.279] [main/WARN] [net.minecraftforge.fml.loading.moddiscovery.ModDiscoverer/SCAN]: Locator {mods folder locator at /workspaces/RES/servidor_minecraft/mods} returned 3 files which are client-side-only mods, but we're on a dedicated server. They will be skipped!
[18Sep2025 17:22:14.672] [main/WARN] [net.minecraftforge.fml.loading.moddiscovery.ModFileParser/LOADING]: Mod file /workspaces/RES/servidor_minecraft/libraries/net/minecraftforge/fmlcore/1.20.1-47.4.0/fmlcore-1.20.1-47.4.0.jar is missing mods.toml file
[18Sep2025 17:22:14.673] [main/WARN] [net.minecraftforge.fml.loading.moddiscovery.ModFileParser/LOADING]: Mod file /workspaces/RES/servidor_minecraft/libraries/net/minecraftforge/javafmllanguage/1.20.1-47.4.0/javafmllanguage-1.20.1-47.4.0.jar is missing mods.toml file
[18Sep2025 17:22:14.674] [main/WARN] [net.minecraftforge.fml.loading.moddiscovery.ModFileParser/LOADING]: Mod file /workspaces/RES/servidor_minecraft/libraries/net/minecraftforge/lowcodelanguage/1.20.1-47.4.0/lowcodelanguage-1.20.1-47.4.0.jar is missing mods.toml file
[18Sep2025 17:22:14.675] [main/WARN] [net.minecraftforge.fml.loading.moddiscovery.ModFileParser/LOADING]: Mod file /workspaces/RES/servidor_minecraft/libraries/net/minecraftforge/mclanguage/1.20.1-47.4.0/mclanguage-1.20.1-47.4.0.jar is missing mods.toml file
[18Sep2025 17:22:16.622] [main/WARN] [net.minecraftforge.jarjar.selection.JarSelector/]: Attempted to select two dependency jars from JarJar which have the same identification: Mod File:  and Mod File: . Using Mod File: 
[18Sep2025 17:22:16.624] [main/WARN] [net.minecraftforge.jarjar.selection.JarSelector/]: Attempted to select a dependency jar for JarJar which was passed in as source: resourcefullib. Using Mod File: /workspaces/RES/servidor_minecraft/mods/resourcefullib-forge-1.20.1-2.1.29.jar
[18Sep2025 17:22:16.624] [main/INFO] [net.minecraftforge.fml.loading.moddiscovery.JarInJarDependencyLocator/]: Found 54 dependencies adding them to mods collection
[18Sep2025 17:22:17.297] [main/INFO] [org.groovymc.gml.mappings.MappingsProvider/]: Starting runtime mappings setup...
[18Sep2025 17:22:17.340] [main/INFO] [org.groovymc.gml.internal.locator.ModLocatorInjector/]: Injecting ScriptModLocator candidates...
[18Sep2025 17:22:17.442] [main/INFO] [org.groovymc.gml.scriptmods.ScriptModLocator/]: Injected Jimfs file system
[18Sep2025 17:22:17.449] [main/INFO] [org.groovymc.gml.scriptmods.ScriptModLocator/]: Skipped loading script mods from directory /workspaces/RES/servidor_minecraft/mods/scripts as it did not exist.
[18Sep2025 17:22:17.456] [main/INFO] [org.groovymc.gml.internal.locator.ModLocatorInjector/]: Injected ScriptModLocator mod candidates. Found 0 valid mod candidates and 0 broken mod files.
[18Sep2025 17:22:20.636] [GML Mappings Thread/INFO] [org.groovymc.gml.mappings.MappingsProvider/]: Loaded runtime mappings in 3111ms
[18Sep2025 17:22:20.637] [GML Mappings Thread/INFO] [org.groovymc.gml.mappings.MappingsProvider/]: Finished runtime mappings setup.
[18Sep2025 17:22:23.618] [main/INFO] [mixin/]: Compatibility level set to JAVA_17
[18Sep2025 17:22:24.135] [main/ERROR] [mixin/]: Mixin config azurelib.mixins.json does not specify "minVersion" property
[18Sep2025 17:22:24.138] [main/ERROR] [mixin/]: Mixin config azurelib.forge.mixins.json does not specify "minVersion" property
[18Sep2025 17:22:24.329] [main/INFO] [mixin/]: Successfully loaded Mixin Connector [com.robertx22.library_of_exile.MixinConnector]
[18Sep2025 17:22:24.331] [main/INFO] [mixin/]: Successfully loaded Mixin Connector [de.maxhenkel.camera.MixinConnector]
[18Sep2025 17:22:24.336] [main/INFO] [cpw.mods.modlauncher.LaunchServiceHandler/MODLAUNCHER]: Launching target 'forgeserver' with arguments [nogui]
[18Sep2025 17:22:24.616] [main/INFO] [ModernFix/]: Loaded configuration file for ModernFix 5.24.3+mc1.20.1: 96 options available, 1 override(s) found
[18Sep2025 17:22:24.616] [main/WARN] [ModernFix/]: Option 'mixin.perf.thread_priorities' overriden (by mods [smoothboot]) to 'false'
[18Sep2025 17:22:24.617] [main/INFO] [ModernFix/]: Applying Nashorn fix
[18Sep2025 17:22:24.643] [main/INFO] [ModernFix/]: Applied Forge config corruption patch
[18Sep2025 17:22:24.883] [main/INFO] [Radium Config/]: Loaded configuration file for Radium: 125 options available, 1 override(s) found
[18Sep2025 17:22:24.936] [main/WARN] [mixin/]: Reference map 'puzzlesaccessapi.common.refmap.json' for puzzlesaccessapi.common.mixins.json could not be read. If this is a development environment you can ignore this message
[18Sep2025 17:22:24.946] [main/WARN] [mixin/]: Reference map 'mixins.sons_of_sins.refmap.json' for mixins.sons_of_sins.json could not be read. If this is a development environment you can ignore this message
[18Sep2025 17:22:24.950] [main/WARN] [mixin/]: Reference map 'guardribbits.refmap.json' for guardribbits.mixins.json could not be read. If this is a development environment you can ignore this message
[18Sep2025 17:22:24.954] [main/WARN] [mixin/]: Reference map 'guardribbits.refmap.json' for guardribbits_forge.mixins.json could not be read. If this is a development environment you can ignore this message
[18Sep2025 17:22:24.970] [main/WARN] [mixin/]: Reference map 'knightquest.refmap.json' for knightquest.mixins.json could not be read. If this is a development environment you can ignore this message
[18Sep2025 17:22:24.973] [main/WARN] [mixin/]: Reference map 'knightquest.refmap.json' for knightquest.forge.mixins.json could not be read. If this is a development environment you can ignore this message
[18Sep2025 17:22:25.047] [main/INFO] [Puzzles Lib/]: Loading 211 mods:
	- achiopt 1.0.5
	- advancementplaques 1.6.9
	- aiimprovements 0.5.2
	- almanac 1.0.2
	- alternate_current 1.7.0
	- amendments 1.20-1.2.19
	- animal_armor_trims 2.0.1
	- appleskin 2.5.1+mc1.20.1
	- aquaculture 2.5.5
	- aquaculturedelight 1.1.1
	- aquamirae 6.API15
	- aquamirae_delight 1.5.2
	- architectury 9.2.14
	- artifacts 9.5.16
		\-- expandability 9.0.4
	- athena 3.1.2
	- attributefix 21.0.4
	- awesomedungeonocean 3.3.0
	- azurelib 3.0.15
	- balm 7.3.33
		\-- kuma_api 20.1.10
	- bcc 4.0.8
	- betteradvancements 0.4.2.25
	- betterchunkloading 1.20.1-5.4
	- betterfortresses 1.20-Forge-2.0.6
	- bettertridents 8.0.1
	- blueprint 7.1.3
	- bookshelf 20.2.13
	- bosses_of_mass_destruction 1.1.1
	- caelus 3.2.0+1.20.1
	- camera 1.20.1-1.0.20
	- carryon 2.1.2.7
	- cataclysm 3.09
	- cataclysm_spellbooks 1.2.2-1.20.1
	- cerbons_api 1.0.0
	- charmofundying 6.5.0+1.20.1
	- chat_heads 0.13.18
	- chipped 3.0.7
	- chunky 1.3.146
	- cleanswing 1.8
	- cloth_config 11.1.136
	- clumps 12.0.0.4
	- cobweb 1.0.1
	- collective 8.3
	- colorfulhearts 4.3.16
	- comforts 6.4.0+1.20.1
	- commongroovylibrary 0.3.3
	- coroutil 1.20.1-1.3.7
	- cosmeticarmorreworked 1.20.1-v1a
	- create 6.0.6
		|-- flywheel 1.0.4
		\-- ponder 1.0.80
	- creativecore 2.12.32
	- creeperoverhaul 3.0.2
	- cristellib 1.1.6
	- crittersandcompanions 1.20.1-2.3.0
	- cupboard 1.20.1-2.7
	- curios 5.14.1+1.20.1
	- deeper_and_darker_to_cataclysm 1.0.0
	- deeperdarker 1.3.3
	- deimos 2.2
	- doespotatotick 1.20.1-5.2.0
	- doubledoors 7.1
	- dummmmmmy 1.20-2.0.9
	- dungeon_realm 1.1.2
	- easyanvils 8.0.2
	- easymagic 8.0.1
	- echoplus 0.1.2
	- ecologics 2.2.2
	- elevatorid 1.20.1-1.9.1-forge
	- elytraslot 6.4.4+1.20.1
		\-- mixinsquared 0.1.2-beta.6
	- emojiful 4.2.0
	- enchdesc 17.1.19
	- endrem 5.3.3-R-1.20.1
	- explorerscompass 1.20.1-1.3.3-forge
	- explosiveenhancement 1.1.0
	- farmersdelight 1.20.1-1.2.8
	- fastboot 1.2
	- fastconfigapi 2.1.0
	- fastsuite 5.1.0
	- ferritecore 6.0.1
	- firearrows 13.2
	- forge 47.4.0
	- framedblocks 9.4.2
	- framework 0.7.15
	- fzzy_config 0.7.1+1.20.1+forge
	- galosphere 1.20.1-1.4.1
	- geckolib 4.7.3
	- glitchcore 0.0.1.1
	- glowroot 1.0.8.6
	- gml 4.0.11
	- goblintraders 1.9.3
	- guardribbits 1.20.1-Forge-1.0.7
	- healing 1.3.5
	- hoporp 1.3.7
	- hopour 1.1.4
	- ias_spellbooks 0.5.0-1.20.1
	- iceberg 1.1.25
	- icterine 1.3.0
	- illageandspillage 1.2.8
	- immersive_aircraft 1.3.3+1.20.1
	- immersive_armors 1.7.0+1.20.1
	- immersive_weathering 1.20.1-2.0.5
	- incendium 5.3.5
	- ironchest 1.20.1-14.4.4
	- irons_spellbooks 1.20.1-3.4.0.9
	- itemproductionlib 1.0.2a
	- jei 15.20.0.112
	- kiwi 11.8.31+forge
	- knightlib 1.3.1
	- knightquest 1.9.1
	- kotlinforforge 4.11.0
	- l2library 2.5.2
		|-- l2itemselector 0.1.9
		|-- l2screentracker 0.1.4
		|-- l2tabs 0.3.3
		\-- mixinextras 0.2.0-beta.8
	- labellingcontainers 1.8.0
	- letmedespawn 1.5.0
	- library_of_exile 2.1.1
	- libraryferret 4.0.0
	- lionfishapi 2.4-Fix
	- mavapi 1.1.4
	- mavm 1.2.6
	- mcwwindows 2.4.0
	- mes 1.3.4-1.20-forge
	- minecraft 1.20.1
	- mns 1.0.3-1.20-forge
	- modernfix 5.24.3+mc1.20.1
	- monolib 2.1.0
	- moonlight 1.20-2.14.13
	- morevanillashields 1.1.4-1.20.1
	- mr_limesplatus_ending 1-v1.1.0c
	- mr_tidal_towns 1.3.4
	- mutil 6.2.0
	- mvs 4.1.5-1.20-forge
	- mynethersdelight 1.20.1-1.7.5
	- myserveriscompatible 1.0
	- naturescompass 1.20.1-1.11.2-forge
	- nerb 0.4.1
	- noisium 2.3.0+mc1.20-1.20.1
	- nullscape 1.2.8
	- obscure_api 15
	- octolib 0.5.0.1
	- paraglider 20.1.3
	- parcool 3.4.1.0
	- parcool_compat_addon 1.0
	- passiveskilltreeadditions 1.1.1
	- placebo 8.6.3
	- playeranimator 1.0.2-rc1+1.20
	- playerrevive 2.0.31
	- polymorph 0.49.10+1.20.1
		\-- spectrelib 0.13.17+1.20.1
	- portablemobs 1.2.0
	- pots_and_mimics 1.0.2
	- puzzleslib 8.1.32
		\-- puzzlesaccessapi 20.1.1
	- radiantgear 2.2.0+1.20.1
	- radium 0.12.4+git.26c9d8e
	- rare_ice 0.0NONE
	- recipeessentials 1.20.1-4.0
	- repurposed_structures 7.1.17+1.20.1-forge
	- resourcefulconfig 2.1.3
	- resourcefullib 2.1.29
	- responsiveshields 2.3
	- ribbits 1.20.1-Forge-3.0.4
	- sawmill 1.20-1.4.7
	- sereneseasons 9.1.0.2
	- skilltree 0.6.14a
	- smoothboot 0.0.4
	- snowrealmagic 10.6.4
		|-- fabric_api_base 0.4.31+ef105b4977
		|-- fabric_renderer_api_v1 3.2.1+1d29b44577
		\-- fabric_renderer_indigo 1.5.2+b5b2da4177
	- sons_of_sins 2.1.9
	- sophisticatedbackpacks 3.23.23.1285
	- sophisticatedcore 1.2.75.1033
	- soul_fire_d 4.0.11
	- spelunkers_charm 3.6.0
	- stalwart_dungeons 1.2.8
	- structory 1.3.5
	- subtle_effects 1.11.0
	- supermartijn642corelib 1.1.18
	- supplementaries 1.20-3.1.36
	- t_and_t 0.0NONE
	- tectonic 2.4.1
	- terralith 2.5.4
	- tetra 6.9.0
	- tetranomicon 1.6.1-1.20.1
	- tetrasdelight 1.20.1-1
	- the_harvest 1.1.0
	- tombstone 9.0.4
	- toolbelt 1.20.02
	- trashslot 15.1.2
	- travelerstitles 1.20-Forge-4.0.2
	- visuality 2.0.2
	- visualworkbench 8.0.0
	- void_lib 1.1.5
	- wardrobe 1.0.3.1
	- warriorrage 1.0.2
	- waterframes 2.1.15
	- watut 1.20.1-1.2.3
	- waystones 14.1.16
	- weaponmaster 1.4.3-1.20.1
	- weaponmaster_ydm 4.2.3
	- xaerominimap 25.2.10
	- xaeroworldmap 1.39.12
	- xtraarrows 3.0.12
	- yungsapi 1.20-Forge-4.0.6
	- zeta 1.0-30
[18Sep2025 17:22:25.137] [main/WARN] [mixin/]: Reference map 'mns-forge-refmap.json' for mns-forge.mixins.json could not be read. If this is a development environment you can ignore this message
[18Sep2025 17:22:25.149] [main/WARN] [mixin/]: Reference map 'Aquamirae.refmap.json' for aquamirae.mixins.json could not be read. If this is a development environment you can ignore this message
[18Sep2025 17:22:25.157] [main/WARN] [mixin/]: Reference map 'cristellib-forge-refmap.json' for cristellib.mixins.json could not be read. If this is a development environment you can ignore this message
[18Sep2025 17:22:25.201] [main/WARN] [mixin/]: Reference map 'cobweb.refmap.json' for cobweb.mixins.json could not be read. If this is a development environment you can ignore this message
[18Sep2025 17:22:25.205] [main/WARN] [mixin/]: Reference map 'cobweb.refmap.json' for cobweb.forge.mixins.json could not be read. If this is a development environment you can ignore this message
[18Sep2025 17:22:25.219] [main/WARN] [mixin/]: Reference map 'AchievementOptimizer.refmap.json' for achiopt.mixins.json could not be read. If this is a development environment you can ignore this message
[18Sep2025 17:22:25.247] [main/WARN] [mixin/]: Reference map 'colorfulhearts-common-api-api_common-refmap.json' for colorfulhearts-common.mixins.json could not be read. If this is a development environment you can ignore this message
[18Sep2025 17:22:25.288] [main/WARN] [mixin/]: Reference map 'trashslot.refmap.json' for trashslot.mixins.json could not be read. If this is a development environment you can ignore this message
[18Sep2025 17:22:25.429] [main/WARN] [mixin/]: Reference map 'mes-forge-refmap.json' for mes-forge.mixins.json could not be read. If this is a development environment you can ignore this message
[18Sep2025 17:22:25.454] [main/WARN] [mixin/]: Reference map 'coroutil.refmap.json' for coroutil.mixins.json could not be read. If this is a development environment you can ignore this message
[18Sep2025 17:22:25.467] [main/WARN] [mixin/]: Reference map 'mvs-forge-refmap.json' for mvs-forge.mixins.json could not be read. If this is a development environment you can ignore this message
[18Sep2025 17:22:25.506] [main/WARN] [mixin/]: Reference map 'itemselector.refmap.json' for l2itemselector.mixins.json could not be read. If this is a development environment you can ignore this message
[18Sep2025 17:22:26.503] [main/INFO] [net.minecraftforge.coremod.CoreMod.placebo/COREMODLOG]: Patching IForgeItemStack#getEnchantmentLevel
[18Sep2025 17:22:26.533] [main/INFO] [net.minecraftforge.coremod.CoreMod.placebo/COREMODLOG]: Patching IForgeItemStack#getEnchantmentLevel
[18Sep2025 17:22:26.905] [main/WARN] [Radium Config/]: Force-disabling mixin 'alloc.blockstate.StateMixin' as option 'mixin.alloc.blockstate' (added by mods [ferritecore]) disables it and children
[18Sep2025 17:22:27.137] [main/WARN] [mixin/]: Error loading class: tfar/davespotioneering/blockentity/AdvancedBrewingStandBlockEntity (java.lang.ClassNotFoundException: tfar.davespotioneering.blockentity.AdvancedBrewingStandBlockEntity)
[18Sep2025 17:22:27.138] [main/WARN] [mixin/]: @Mixin target tfar.davespotioneering.blockentity.AdvancedBrewingStandBlockEntity was not found itemproductionlib.mixins.json:davespotioneering/AdvancedBrewingStandBlockEntityMixin
[18Sep2025 17:22:27.274] [main/INFO] [com.cupboard.Cupboard/]: Loaded config for: recipeessentials.json
[18Sep2025 17:22:27.494] [main/WARN] [mixin/]: Error loading class: net/minecraft/client/renderer/entity/PhantomRenderer (java.lang.ClassNotFoundException: net.minecraft.client.renderer.entity.PhantomRenderer)
[18Sep2025 17:22:27.494] [main/WARN] [mixin/]: @Mixin target net.minecraft.client.renderer.entity.PhantomRenderer was not found mixins.deeperdarker.json:PhantomRendererMixin
[18Sep2025 17:22:28.057] [main/WARN] [mixin/]: Error loading class: dev/shadowsoffire/apotheosis/ench/table/ApothEnchantmentMenu (java.lang.ClassNotFoundException: dev.shadowsoffire.apotheosis.ench.table.ApothEnchantmentMenu)
[18Sep2025 17:22:28.057] [main/WARN] [mixin/]: @Mixin target dev.shadowsoffire.apotheosis.ench.table.ApothEnchantmentMenu was not found skilltree.mixins.json:apotheosis/ApothEnchantContainerMixin
[18Sep2025 17:22:28.062] [main/WARN] [mixin/]: Error loading class: dev/shadowsoffire/apotheosis/adventure/socket/SocketingRecipe (java.lang.ClassNotFoundException: dev.shadowsoffire.apotheosis.adventure.socket.SocketingRecipe)
[18Sep2025 17:22:28.063] [main/WARN] [mixin/]: @Mixin target dev.shadowsoffire.apotheosis.adventure.socket.SocketingRecipe was not found skilltree.mixins.json:apotheosis/SocketingRecipeMixin
[18Sep2025 17:22:28.072] [main/WARN] [mixin/]: Error loading class: dev/shadowsoffire/apotheosis/adventure/socket/gem/bonus/AttributeBonus (java.lang.ClassNotFoundException: dev.shadowsoffire.apotheosis.adventure.socket.gem.bonus.AttributeBonus)
[18Sep2025 17:22:28.073] [main/WARN] [mixin/]: @Mixin target dev.shadowsoffire.apotheosis.adventure.socket.gem.bonus.AttributeBonus was not found skilltree.mixins.json:apotheosis/AttributeBonusMixin
[18Sep2025 17:22:28.078] [main/WARN] [mixin/]: Error loading class: dev/shadowsoffire/apotheosis/adventure/socket/gem/bonus/EnchantmentBonus (java.lang.ClassNotFoundException: dev.shadowsoffire.apotheosis.adventure.socket.gem.bonus.EnchantmentBonus)
[18Sep2025 17:22:28.081] [main/WARN] [mixin/]: @Mixin target dev.shadowsoffire.apotheosis.adventure.socket.gem.bonus.EnchantmentBonus was not found skilltree.mixins.json:apotheosis/EnchantmentBonusMixin
[18Sep2025 17:22:28.894] [main/INFO] [MixinExtras|Service/]: Initializing MixinExtras via com.llamalad7.mixinextras.service.MixinExtrasServiceImpl(version=0.4.1).
[18Sep2025 17:22:29.382] [main/INFO] [Smooth Boot (Reloaded)/]: Smooth Boot (Reloaded) config initialized
[18Sep2025 17:22:29.820] [main/INFO] [net.minecraft.server.Bootstrap/]: ModernFix reached bootstrap stage (36.41 s after launch)
[18Sep2025 17:22:30.036] [main/WARN] [mixin/]: @Final field delegatesByName:Ljava/util/Map; in modernfix-forge.mixins.json:perf.forge_registry_alloc.ForgeRegistryMixin should be final
[18Sep2025 17:22:30.036] [main/WARN] [mixin/]: @Final field delegatesByValue:Ljava/util/Map; in modernfix-forge.mixins.json:perf.forge_registry_alloc.ForgeRegistryMixin should be final
[18Sep2025 17:22:30.115] [main/INFO] [net.minecraftforge.coremod.CoreMod.placebo/COREMODLOG]: Patching IForgeItemStack#getEnchantmentLevel
[18Sep2025 17:22:30.119] [main/INFO] [net.minecraftforge.coremod.CoreMod.placebo/COREMODLOG]: Patching IForgeItemStack#getEnchantmentLevel
[18Sep2025 17:22:30.272] [main/INFO] [ModernFix/]: Injecting BlockStateBase cache population hook into getNeighborPathNodeType from me.jellysquid.mods.lithium.mixin.ai.pathing.AbstractBlockStateMixin
[18Sep2025 17:22:30.274] [main/INFO] [ModernFix/]: Injecting BlockStateBase cache population hook into getPathNodeType from me.jellysquid.mods.lithium.mixin.ai.pathing.AbstractBlockStateMixin
[18Sep2025 17:22:30.275] [main/INFO] [ModernFix/]: Injecting BlockStateBase cache population hook into getAllFlags from me.jellysquid.mods.lithium.mixin.util.block_tracking.AbstractBlockStateMixin
[18Sep2025 17:22:31.100] [main/WARN] [mixin/]: @Inject(@At("INVOKE")) Shift.BY=1 on crittersandcompanions.mixins.json:LivingEntityMixin::handler$bhf000$onDie exceeds the maximum allowed value: 0. Increase the value of maxShiftBy to suppress this warning.
[18Sep2025 17:22:33.370] [main/INFO] [net.minecraftforge.coremod.CoreMod.placebo/COREMODLOG]: Patching IForgeItemStack#getEnchantmentLevel
[18Sep2025 17:22:33.371] [main/INFO] [net.minecraftforge.coremod.CoreMod.placebo/COREMODLOG]: Patching IForgeItemStack#getEnchantmentLevel
[18Sep2025 17:22:33.516] [main/INFO] [net.minecraft.server.Bootstrap/]: Vanilla bootstrap took 3689 milliseconds
[18Sep2025 17:22:36.501] [main/WARN] [mixin/]: Static binding violation: PRIVATE @Overwrite method m_47505_ in modernfix-common.mixins.json:perf.remove_biome_temperature_cache.BiomeMixin cannot reduce visibiliy of PUBLIC target method, visibility will be upgraded.
[18Sep2025 17:22:36.503] [main/WARN] [mixin/]: Method overwrite conflict for m_47505_ in lithium.mixins.json:world.temperature_cache.BiomeMixin, previously written by org.embeddedt.modernfix.common.mixin.perf.remove_biome_temperature_cache.BiomeMixin. Skipping method.
[18Sep2025 17:22:36.823] [main/INFO] [org.groovymc.gml.internal.ModExtensionLoader/]: Skipping extension class org.groovymc.cgl.api.extension.client.MinecraftExtensions: it requires dist CLIENT, but we're running on DEDICATED_SERVER
[18Sep2025 17:22:36.869] [main/WARN] [mixin/]: @Redirect conflict. Skipping recipeessentials.mixins.json:RecipeManagerMixin->@Redirect::logErrorOnce(Lorg/slf4j/Logger;Ljava/lang/String;Ljava/lang/Object;Ljava/lang/Object;)V with priority 200, already redirected by modernfix-forge.mixins.json:perf.datapack_reload_exceptions.RecipeManagerMixin->@Redirect::silenceException(Lorg/slf4j/Logger;Ljava/lang/String;Ljava/lang/Object;Ljava/lang/Object;)V with priority 2000
[18Sep2025 17:22:37.299] [modloading-worker-0/INFO] [Puzzles Lib/]: Constructing common components for easyanvils:main
[18Sep2025 17:22:37.607] [modloading-worker-0/INFO] [snownee.snow.SnowRealMagic/]: SereneSeasons detected. Overriding weather behavior.
[18Sep2025 17:22:37.825] [modloading-worker-0/INFO] [Better Compatibility Checker/]: Better Compatibility Checker starting
[18Sep2025 17:22:37.840] [modloading-worker-0/INFO] [gml/]: Initialised GML mod. Version: 4.0.11
[18Sep2025 17:22:37.993] [modloading-worker-0/INFO] [noisium/]: Loading Noisium.
[18Sep2025 17:22:38.408] [modloading-worker-0/INFO] [Puzzles Lib/]: Constructing common components for visualworkbench:main
[18Sep2025 17:22:38.449] [modloading-worker-0/INFO] [com.jtorleonstudios.libraryferret.LibraryFerret/]: Initialize mod Library Ferret
[18Sep2025 17:22:38.477] [modloading-worker-0/INFO] [com.jtorleonstudios.libraryferret.LibraryFerret/]: Initialized mod Library Ferret
[18Sep2025 17:22:38.497] [modloading-worker-0/INFO] [Exile Log: com.robertx22.library_of_exile.registry.helpers.OrderedModConstructor/]: Mod Constructor Registered : dungeon_realm
[18Sep2025 17:22:38.775] [modloading-worker-0/INFO] [dungeon_realm/]: Dungeon Realm loaded.
[18Sep2025 17:22:38.826] [modloading-worker-0/INFO] [mixin/]: Instancing error handler class com.illusivesoulworks.polymorph.mixin.IntegratedMixinPlugin
[18Sep2025 17:22:38.826] [modloading-worker-0/WARN] [mixin/]: Mixin apply failed betterchunkloading.mixins.json:ServerChunkCacheMixin -> net.minecraft.server.level.ServerChunkCache: org.spongepowered.asm.mixin.injection.throwables.InvalidInjectionException @At("INVOKE") on net/minecraft/server/level/ServerChunkCache::prioWaiting with priority 200 cannot inject into net/minecraft/server/level/ServerChunkCache::m_7587_(IILnet/minecraft/world/level/chunk/ChunkStatus;Z)Lnet/minecraft/world/level/chunk/ChunkAccess; merged by me.jellysquid.mods.lithium.mixin.world.chunk_access.ServerChunkManagerMixin with priority 1000 [ -> redirect$ckl000$prioWaiting(Lnet/minecraft/server/level/ServerChunkCache;IILnet/minecraft/world/level/chunk/ChunkStatus;Z)Ljava/util/concurrent/CompletableFuture; -> Prepare]
org.spongepowered.asm.mixin.injection.throwables.InvalidInjectionException: @At("INVOKE") on net/minecraft/server/level/ServerChunkCache::prioWaiting with priority 200 cannot inject into net/minecraft/server/level/ServerChunkCache::m_7587_(IILnet/minecraft/world/level/chunk/ChunkStatus;Z)Lnet/minecraft/world/level/chunk/ChunkAccess; merged by me.jellysquid.mods.lithium.mixin.world.chunk_access.ServerChunkManagerMixin with priority 1000 [ -> redirect$ckl000$prioWaiting(Lnet/minecraft/server/level/ServerChunkCache;IILnet/minecraft/world/level/chunk/ChunkStatus;Z)Ljava/util/concurrent/CompletableFuture; -> Prepare]
	at org.spongepowered.asm.mixin.injection.code.Injector.findTargetNodes(Injector.java:305) ~[mixin-0.8.5.jar%2365!/:0.8.5+Jenkins-b310.git-155314e6e91465dad727e621a569906a410cd6f4]
	at org.spongepowered.asm.mixin.injection.code.Injector.find(Injector.java:240) ~[mixin-0.8.5.jar%2365!/:0.8.5+Jenkins-b310.git-155314e6e91465dad727e621a569906a410cd6f4]
	at org.spongepowered.asm.mixin.injection.struct.InjectionInfo.prepare(InjectionInfo.java:421) ~[mixin-0.8.5.jar%2365!/:0.8.5+Jenkins-b310.git-155314e6e91465dad727e621a569906a410cd6f4]
	at org.spongepowered.asm.mixin.transformer.MixinTargetContext.prepareInjections(MixinTargetContext.java:1319) ~[mixin-0.8.5.jar%2365!/:0.8.5+Jenkins-b310.git-155314e6e91465dad727e621a569906a410cd6f4]
	at org.spongepowered.asm.mixin.transformer.MixinApplicatorStandard.prepareInjections(MixinApplicatorStandard.java:1042) ~[mixin-0.8.5.jar%2365!/:0.8.5+Jenkins-b310.git-155314e6e91465dad727e621a569906a410cd6f4]
	at org.spongepowered.asm.mixin.transformer.MixinApplicatorStandard.applyMixin(MixinApplicatorStandard.java:393) ~[mixin-0.8.5.jar%2365!/:0.8.5+Jenkins-b310.git-155314e6e91465dad727e621a569906a410cd6f4]
	at org.spongepowered.asm.mixin.transformer.MixinApplicatorStandard.apply(MixinApplicatorStandard.java:325) ~[mixin-0.8.5.jar%2365!/:0.8.5+Jenkins-b310.git-155314e6e91465dad727e621a569906a410cd6f4]
	at org.spongepowered.asm.mixin.transformer.TargetClassContext.apply(TargetClassContext.java:383) ~[mixin-0.8.5.jar%2365!/:0.8.5+Jenkins-b310.git-155314e6e91465dad727e621a569906a410cd6f4]
	at org.spongepowered.asm.mixin.transformer.TargetClassContext.applyMixins(TargetClassContext.java:365) ~[mixin-0.8.5.jar%2365!/:0.8.5+Jenkins-b310.git-155314e6e91465dad727e621a569906a410cd6f4]
	at org.spongepowered.asm.mixin.transformer.MixinProcessor.applyMixins(MixinProcessor.java:363) ~[mixin-0.8.5.jar%2365!/:0.8.5+Jenkins-b310.git-155314e6e91465dad727e621a569906a410cd6f4]
	at org.spongepowered.asm.mixin.transformer.MixinTransformer.transformClass(MixinTransformer.java:250) ~[mixin-0.8.5.jar%2365!/:0.8.5+Jenkins-b310.git-155314e6e91465dad727e621a569906a410cd6f4]
	at org.spongepowered.asm.service.modlauncher.MixinTransformationHandler.processClass(MixinTransformationHandler.java:131) ~[mixin-0.8.5.jar%2365!/:0.8.5+Jenkins-b310.git-155314e6e91465dad727e621a569906a410cd6f4]
	at org.spongepowered.asm.launch.MixinLaunchPluginLegacy.processClass(MixinLaunchPluginLegacy.java:131) ~[mixin-0.8.5.jar%2365!/:0.8.5+Jenkins-b310.git-155314e6e91465dad727e621a569906a410cd6f4]
	at cpw.mods.modlauncher.serviceapi.ILaunchPluginService.processClassWithFlags(ILaunchPluginService.java:156) ~[modlauncher-10.0.9.jar%2355!/:10.0.9+10.0.9+main.dcd20f30]
	at cpw.mods.modlauncher.LaunchPluginHandler.offerClassNodeToPlugins(LaunchPluginHandler.java:88) ~[modlauncher-10.0.9.jar%2355!/:?]
	at cpw.mods.modlauncher.ClassTransformer.transform(ClassTransformer.java:120) ~[modlauncher-10.0.9.jar%2355!/:?]
	at cpw.mods.modlauncher.TransformingClassLoader.maybeTransformClassBytes(TransformingClassLoader.java:50) ~[modlauncher-10.0.9.jar%2355!/:?]
	at cpw.mods.cl.ModuleClassLoader.readerToClass(ModuleClassLoader.java:113) ~[securejarhandler-2.1.10.jar:?]
	at cpw.mods.cl.ModuleClassLoader.lambda$findClass$15(ModuleClassLoader.java:219) ~[securejarhandler-2.1.10.jar:?]
	at cpw.mods.cl.ModuleClassLoader.loadFromModule(ModuleClassLoader.java:229) ~[securejarhandler-2.1.10.jar:?]
	at cpw.mods.cl.ModuleClassLoader.findClass(ModuleClassLoader.java:219) ~[securejarhandler-2.1.10.jar:?]
	at cpw.mods.cl.ModuleClassLoader.loadClass(ModuleClassLoader.java:135) ~[securejarhandler-2.1.10.jar:?]
	at java.lang.ClassLoader.loadClass(ClassLoader.java:525) ~[?:?]
	at sereneseasons.config.SeasonsConfig.<clinit>(SeasonsConfig.java:45) ~[SereneSeasons-forge-1.20.1-9.1.0.2.jar%23451!/:9.1.0.2]
	at sereneseasons.init.ModConfig.init(ModConfig.java:19) ~[SereneSeasons-forge-1.20.1-9.1.0.2.jar%23451!/:9.1.0.2]
	at sereneseasons.core.SereneSeasons.init(SereneSeasons.java:26) ~[SereneSeasons-forge-1.20.1-9.1.0.2.jar%23451!/:9.1.0.2]
	at sereneseasons.forge.core.SereneSeasonsForge.<init>(SereneSeasonsForge.java:31) ~[SereneSeasons-forge-1.20.1-9.1.0.2.jar%23451!/:9.1.0.2]
	at jdk.internal.reflect.NativeConstructorAccessorImpl.newInstance0(Native Method) ~[?:?]
	at jdk.internal.reflect.NativeConstructorAccessorImpl.newInstance(NativeConstructorAccessorImpl.java:77) ~[?:?]
	at jdk.internal.reflect.DelegatingConstructorAccessorImpl.newInstance(DelegatingConstructorAccessorImpl.java:45) ~[?:?]
	at java.lang.reflect.Constructor.newInstanceWithCaller(Constructor.java:500) ~[?:?]
	at java.lang.reflect.Constructor.newInstance(Constructor.java:481) ~[?:?]
	at net.minecraftforge.fml.javafmlmod.FMLModContainer.constructMod(FMLModContainer.java:77) ~[javafmllanguage-1.20.1-47.4.0.jar%23497!/:?]
	at net.minecraftforge.fml.ModContainer.lambda$buildTransitionHandler$5(ModContainer.java:126) ~[fmlcore-1.20.1-47.4.0.jar%23496!/:?]
	at java.util.concurrent.CompletableFuture$AsyncRun.run(CompletableFuture.java:1804) ~[?:?]
	at java.util.concurrent.CompletableFuture$AsyncRun.exec(CompletableFuture.java:1796) ~[?:?]
	at java.util.concurrent.ForkJoinTask.doExec(ForkJoinTask.java:373) ~[?:?]
	at java.util.concurrent.ForkJoinPool$WorkQueue.topLevelExec(ForkJoinPool.java:1182) ~[?:?]
	at java.util.concurrent.ForkJoinPool.scan(ForkJoinPool.java:1655) ~[?:?]
	at java.util.concurrent.ForkJoinPool.runWorker(ForkJoinPool.java:1622) ~[?:?]
	at java.util.concurrent.ForkJoinWorkerThread.run(ForkJoinWorkerThread.java:165) ~[?:?]
[18Sep2025 17:22:38.887] [modloading-worker-0/INFO] [net.minecraftforge.common.ForgeMod/FORGEMOD]: Forge mod loading, version 47.4.0, for MC 1.20.1 with MCP 20230612.114412
[18Sep2025 17:22:38.887] [modloading-worker-0/INFO] [net.minecraftforge.common.MinecraftForge/FORGE]: MinecraftForge v47.4.0 Initialized
[18Sep2025 17:22:39.083] [modloading-worker-0/INFO] [guardribbits/]: Initializing the Ribbit Guardians!
[18Sep2025 17:22:39.155] [modloading-worker-0/INFO] [snownee.kiwi.Kiwi/INIT]: Processing 6 KiwiModule annotations
[18Sep2025 17:22:39.432] [modloading-worker-0/INFO] [Exile Log: com.robertx22.library_of_exile.registry.helpers.OrderedModConstructor/]: Mod Constructor Registered : library_of_exile
[18Sep2025 17:22:39.519] [modloading-worker-0/WARN] [Visuality/]: Visuality is installed on a dedicated server, skip loading...
[18Sep2025 17:22:39.566] [modloading-worker-0/INFO] [Puzzles Lib/]: Constructing common components for puzzleslib:main
[18Sep2025 17:22:39.686] [modloading-worker-0/INFO] [zeta/]: Doing super early config setup for zeta
[18Sep2025 17:22:39.837] [modloading-worker-0/INFO] [ModernFix/]: Bypassed Mojang DFU
[18Sep2025 17:22:39.838] [modloading-worker-0/INFO] [ModernFix/]: Instantiating Mojang DFU
[18Sep2025 17:22:39.848] [modloading-worker-0/INFO] [thedarkcolour.kotlinforforge.test.KotlinForForge/]: Kotlin For Forge Enabled!
[18Sep2025 17:22:39.903] [modloading-worker-0/INFO] [Exile Log: com.robertx22.library_of_exile.registry.helpers.OrderedModConstructor/]: Mod Constructor Registered : the_harvest
[18Sep2025 17:22:39.937] [modloading-worker-0/INFO] [STDOUT/]: [com.robertx22.the_harvest.main.HarvestMain:<init>:221]: The Harvest loaded.
[18Sep2025 17:22:40.374] [modloading-worker-0/INFO] [Void Lib/]: Void Lib successfully started!
[18Sep2025 17:22:40.375] [modloading-worker-0/INFO] [Fast Config API/]: FastConfigAPI has been initialized
[18Sep2025 17:22:40.451] [modloading-worker-0/INFO] [Bookshelf/]: Fixing MC-151457. Crafting remainder for minecraft:pufferfish_bucket is now minecraft:bucket.
[18Sep2025 17:22:40.451] [modloading-worker-0/INFO] [Bookshelf/]: Fixing MC-151457. Crafting remainder for minecraft:salmon_bucket is now minecraft:bucket.
[18Sep2025 17:22:40.454] [modloading-worker-0/INFO] [Bookshelf/]: Fixing MC-151457. Crafting remainder for minecraft:cod_bucket is now minecraft:bucket.
[18Sep2025 17:22:40.455] [modloading-worker-0/INFO] [Bookshelf/]: Fixing MC-151457. Crafting remainder for minecraft:tropical_fish_bucket is now minecraft:bucket.
[18Sep2025 17:22:40.455] [modloading-worker-0/INFO] [Bookshelf/]: Fixing MC-151457. Crafting remainder for minecraft:axolotl_bucket is now minecraft:bucket.
[18Sep2025 17:22:40.455] [modloading-worker-0/INFO] [Bookshelf/]: Fixing MC-151457. Crafting remainder for minecraft:powder_snow_bucket is now minecraft:bucket.
[18Sep2025 17:22:40.455] [modloading-worker-0/INFO] [Bookshelf/]: Fixing MC-151457. Crafting remainder for minecraft:tadpole_bucket is now minecraft:bucket.
[18Sep2025 17:22:40.906] [modloading-worker-0/INFO] [Collective/]: Loading Collective version 8.3.
[18Sep2025 17:22:41.081] [modloading-worker-0/INFO] [com.cupboard.Cupboard/]: Loaded config for: cupboard.json
[18Sep2025 17:22:41.105] [modloading-worker-0/INFO] [dev.architectury.networking.forge.NetworkManagerImpl/]: Registering C2S receiver with id architectury:sync_ids
[18Sep2025 17:22:41.118] [modloading-worker-0/INFO] [STDOUT/]: [com.cursee.monolib.core.sailing.warden.SailingWarden:processDirectoryOrFilePathStrings:24]: No matching files were found.
[18Sep2025 17:22:41.246] [modloading-worker-0/INFO] [Puzzles Lib/]: Constructing common components for easymagic:main
[18Sep2025 17:22:41.309] [modloading-worker-0/ERROR] [net.minecraftforge.eventbus.EventSubclassTransformer/EVENTBUS]: Could not find parent net/minecraft/client/renderer/entity/layers/RenderLayer for class com/obscuria/obscureapi/client/renderer/PatreonLayer in classloader cpw.mods.modlauncher.TransformingClassLoader@12421766 on thread Thread[modloading-worker-0,5,main]
[18Sep2025 17:22:41.312] [modloading-worker-0/ERROR] [net.minecraftforge.eventbus.EventSubclassTransformer/EVENTBUS]: An error occurred building event handler
java.lang.ClassNotFoundException: net.minecraft.client.renderer.entity.layers.RenderLayer
	at cpw.mods.cl.ModuleClassLoader.loadClass(ModuleClassLoader.java:141) ~[securejarhandler-2.1.10.jar:?]
	at java.lang.ClassLoader.loadClass(ClassLoader.java:525) ~[?:?]
	at net.minecraftforge.eventbus.EventSubclassTransformer.buildEvents(EventSubclassTransformer.java:97) ~[eventbus-6.0.5.jar%2352!/:?]
	at net.minecraftforge.eventbus.EventSubclassTransformer.transform(EventSubclassTransformer.java:48) ~[eventbus-6.0.5.jar%2352!/:?]
	at net.minecraftforge.eventbus.EventBusEngine.processClass(EventBusEngine.java:26) ~[eventbus-6.0.5.jar%2352!/:?]
	at net.minecraftforge.eventbus.service.ModLauncherService.processClassWithFlags(ModLauncherService.java:32) ~[eventbus-6.0.5.jar%2352!/:6.0.5+6.0.5+master.eb8e549b]
	at cpw.mods.modlauncher.LaunchPluginHandler.offerClassNodeToPlugins(LaunchPluginHandler.java:88) ~[modlauncher-10.0.9.jar%2355!/:?]
	at cpw.mods.modlauncher.ClassTransformer.transform(ClassTransformer.java:120) ~[modlauncher-10.0.9.jar%2355!/:?]
	at cpw.mods.modlauncher.TransformingClassLoader.maybeTransformClassBytes(TransformingClassLoader.java:50) ~[modlauncher-10.0.9.jar%2355!/:?]
	at cpw.mods.cl.ModuleClassLoader.readerToClass(ModuleClassLoader.java:113) ~[securejarhandler-2.1.10.jar:?]
	at cpw.mods.cl.ModuleClassLoader.lambda$findClass$15(ModuleClassLoader.java:219) ~[securejarhandler-2.1.10.jar:?]
	at cpw.mods.cl.ModuleClassLoader.loadFromModule(ModuleClassLoader.java:229) ~[securejarhandler-2.1.10.jar:?]
	at cpw.mods.cl.ModuleClassLoader.findClass(ModuleClassLoader.java:219) ~[securejarhandler-2.1.10.jar:?]
	at cpw.mods.cl.ModuleClassLoader.loadClass(ModuleClassLoader.java:135) ~[securejarhandler-2.1.10.jar:?]
	at java.lang.ClassLoader.loadClass(ClassLoader.java:525) ~[?:?]
	at java.lang.ClassLoader.defineClass0(Native Method) ~[?:?]
	at java.lang.System$2.defineClass(System.java:2324) ~[?:?]
	at java.lang.invoke.MethodHandles$Lookup$ClassDefiner.defineClass(MethodHandles.java:2439) ~[?:?]
	at java.lang.invoke.MethodHandles$Lookup$ClassDefiner.defineClassAsLookup(MethodHandles.java:2420) ~[?:?]
	at java.lang.invoke.MethodHandles$Lookup.defineHiddenClass(MethodHandles.java:2127) ~[?:?]
	at java.lang.invoke.InnerClassLambdaMetafactory.generateInnerClass(InnerClassLambdaMetafactory.java:407) ~[?:?]
	at java.lang.invoke.InnerClassLambdaMetafactory.spinInnerClass(InnerClassLambdaMetafactory.java:315) ~[?:?]
	at java.lang.invoke.InnerClassLambdaMetafactory.buildCallSite(InnerClassLambdaMetafactory.java:228) ~[?:?]
	at java.lang.invoke.LambdaMetafactory.metafactory(LambdaMetafactory.java:341) ~[?:?]
	at java.lang.invoke.BootstrapMethodInvoker.invoke(BootstrapMethodInvoker.java:134) ~[?:?]
	at java.lang.invoke.CallSite.makeSite(CallSite.java:315) ~[?:?]
	at java.lang.invoke.MethodHandleNatives.linkCallSiteImpl(MethodHandleNatives.java:281) ~[?:?]
	at java.lang.invoke.MethodHandleNatives.linkCallSite(MethodHandleNatives.java:271) ~[?:?]
	at com.obscuria.obscureapi.client.renderer.PatreonLayer$Mode.<clinit>(PatreonLayer.java:55) ~[obscure_api-15.jar%23427!/:com.obscuria]
	at com.obscuria.obscureapi.ObscureAPIConfig$Client.<clinit>(ObscureAPIConfig.java:28) ~[obscure_api-15.jar%23427!/:com.obscuria]
	at com.obscuria.obscureapi.ObscureAPIConfig.register(ObscureAPIConfig.java:46) ~[obscure_api-15.jar%23427!/:com.obscuria]
	at com.obscuria.obscureapi.ObscureAPI.<init>(ObscureAPI.java:69) ~[obscure_api-15.jar%23427!/:com.obscuria]
	at jdk.internal.reflect.NativeConstructorAccessorImpl.newInstance0(Native Method) ~[?:?]
	at jdk.internal.reflect.NativeConstructorAccessorImpl.newInstance(NativeConstructorAccessorImpl.java:77) ~[?:?]
	at jdk.internal.reflect.DelegatingConstructorAccessorImpl.newInstance(DelegatingConstructorAccessorImpl.java:45) ~[?:?]
	at java.lang.reflect.Constructor.newInstanceWithCaller(Constructor.java:500) ~[?:?]
	at java.lang.reflect.Constructor.newInstance(Constructor.java:481) ~[?:?]
	at net.minecraftforge.fml.javafmlmod.FMLModContainer.constructMod(FMLModContainer.java:77) ~[javafmllanguage-1.20.1-47.4.0.jar%23497!/:?]
	at net.minecraftforge.fml.ModContainer.lambda$buildTransitionHandler$5(ModContainer.java:126) ~[fmlcore-1.20.1-47.4.0.jar%23496!/:?]
	at java.util.concurrent.CompletableFuture$AsyncRun.run(CompletableFuture.java:1804) ~[?:?]
	at java.util.concurrent.CompletableFuture$AsyncRun.exec(CompletableFuture.java:1796) ~[?:?]
	at java.util.concurrent.ForkJoinTask.doExec(ForkJoinTask.java:373) ~[?:?]
	at java.util.concurrent.ForkJoinPool$WorkQueue.topLevelExec(ForkJoinPool.java:1182) ~[?:?]
	at java.util.concurrent.ForkJoinPool.scan(ForkJoinPool.java:1655) ~[?:?]
	at java.util.concurrent.ForkJoinPool.runWorker(ForkJoinPool.java:1622) ~[?:?]
	at java.util.concurrent.ForkJoinWorkerThread.run(ForkJoinWorkerThread.java:165) ~[?:?]
[18Sep2025 17:22:41.318] [modloading-worker-0/ERROR] [net.minecraftforge.fml.loading.RuntimeDistCleaner/DISTXFORM]: Attempted to load class com/obscuria/obscureapi/client/renderer/PatreonLayer for invalid dist DEDICATED_SERVER
[18Sep2025 17:22:41.353] [modloading-worker-0/INFO] [com.simibubi.create.Create/]: Create 6.0.6 initializing! Commit hash: 338bfa0aec952fa51656e8f61bd621ca9b3b2e00
[18Sep2025 17:22:41.839] [modloading-worker-0/INFO] [dev.architectury.networking.forge.NetworkManagerImpl/]: Registering C2S receiver with id artifacts:networking_channel/42a7ad70b1cc371599a0eff744096b8a
[18Sep2025 17:22:41.849] [modloading-worker-0/INFO] [dev.architectury.networking.forge.NetworkManagerImpl/]: Registering C2S receiver with id artifacts:networking_channel/74a5e841822a3a87854ae896a33430d6
[18Sep2025 17:22:41.851] [modloading-worker-0/INFO] [dev.architectury.networking.forge.NetworkManagerImpl/]: Registering C2S receiver with id artifacts:networking_channel/eb3d1e2748533430848cadf0f37c7e9c
[18Sep2025 17:22:41.853] [modloading-worker-0/INFO] [dev.architectury.networking.forge.NetworkManagerImpl/]: Registering C2S receiver with id artifacts:networking_channel/91c8520f19f93b3e8b6a727568e194ab
[18Sep2025 17:22:41.862] [modloading-worker-0/INFO] [dev.architectury.networking.forge.NetworkManagerImpl/]: Registering C2S receiver with id artifacts:networking_channel/8c2784d778293fd482ed84b8aa5fedb9
[18Sep2025 17:22:41.864] [modloading-worker-0/INFO] [dev.architectury.networking.forge.NetworkManagerImpl/]: Registering C2S receiver with id artifacts:networking_channel/ea038224ea783d40b2863f52239e2604
[18Sep2025 17:22:41.866] [modloading-worker-0/INFO] [dev.architectury.networking.forge.NetworkManagerImpl/]: Registering C2S receiver with id artifacts:networking_channel/97ad64b7ecaf33209991c4f031501a58
[18Sep2025 17:22:42.556] [modloading-worker-0/INFO] [azurelib/FileWatching]: Registered azurelib config for auto-sync function
[18Sep2025 17:22:42.571] [modloading-worker-0/INFO] [coroutil/]: forge loader environment detected
[18Sep2025 17:22:43.035] [modloading-worker-0/INFO] [net.pixeldreamstudios.passiveskilltreeadditions.PassiveSkillTreeAdditions/]: Hello from Passive Skill Tree Additions!
[18Sep2025 17:22:43.356] [modloading-worker-0/INFO] [labellingcontainers/]: Initializing mod...
[18Sep2025 17:22:43.405] [modloading-worker-0/INFO] [dev.architectury.networking.forge.NetworkManagerImpl/]: Registering C2S receiver with id labellingcontainers:request_taggable_blocks_config_packet
[18Sep2025 17:22:43.405] [modloading-worker-0/INFO] [dev.architectury.networking.forge.NetworkManagerImpl/]: Registering C2S receiver with id labellingcontainers:label_printer_save_packet
[18Sep2025 17:22:43.407] [modloading-worker-0/WARN] [labellingcontainers/]: Could not run Client Setup (mod is probably running on a Server-Only instance)
[18Sep2025 17:22:43.574] [modloading-worker-0/INFO] [Puzzles Lib/]: Constructing common components for bettertridents:main
[18Sep2025 17:22:43.881] [modloading-worker-0/INFO] [be.florens.expandability.ExpandAbility/]: ExpandAbility here, who dis?
[18Sep2025 17:22:43.923] [modloading-worker-0/ERROR] [io.redspace.ironsspellbooks.IronsSpellbooks/]: SpellDiscovery:  net.acetheeldritchking.cataclysm_spellbooks.entity.mobs.SummonedAmethystCrab, java.lang.ClassCastException: class net.acetheeldritchking.cataclysm_spellbooks.entity.mobs.SummonedAmethystCrab
[18Sep2025 17:22:55.153] [modloading-worker-0/INFO] [com.sky.weaponmaster.WeaponMaster/]: Total varients loaded: 6425544
[18Sep2025 17:22:55.154] [modloading-worker-0/INFO] [com.sky.weaponmaster.WeaponMaster/]: Total varients loaded (inc. passives + abilities): 3675411168
[18Sep2025 17:22:56.220] [main/INFO] [snownee.kiwi.Kiwi/INIT]: Module [snowrealmagic:core] initialized
[18Sep2025 17:22:56.222] [main/INFO] [snownee.kiwi.Kiwi/INIT]: 		block: 7, block_entity_type: 2, entity_type: 1, loot_pool_entry_type: 1
[18Sep2025 17:22:56.222] [main/INFO] [snownee.kiwi.Kiwi/INIT]: Module [kiwi:block_templates] initialized
[18Sep2025 17:22:56.222] [main/INFO] [snownee.kiwi.Kiwi/INIT]: Module [kiwi:block_components] initialized
[18Sep2025 17:22:56.223] [main/INFO] [snownee.kiwi.Kiwi/INIT]: Module [kiwi:data] initialized
[18Sep2025 17:22:56.223] [main/INFO] [snownee.kiwi.Kiwi/INIT]: 		recipe_serializer: 3
[18Sep2025 17:22:56.224] [main/INFO] [snownee.kiwi.Kiwi/INIT]: Module [kiwi:item_templates] initialized
[18Sep2025 17:22:56.821] [main/ERROR] [net.minecraftforge.fml.loading.RuntimeDistCleaner/DISTXFORM]: Attempted to load class net/minecraft/client/multiplayer/ClientLevel for invalid dist DEDICATED_SERVER
[18Sep2025 17:22:56.822] [main/WARN] [Radium Class Analysis/]: Radium Class Analysis Error: Class se.mickelus.tetra.blocks.multischematic.MultiblockSchematicBlock cannot be analysed, because getting declared methods crashes with RuntimeException: Attempted to load class net/minecraft/client/multiplayer/ClientLevel for invalid dist DEDICATED_SERVER. This is usually caused by modded entities declaring methods that have a return type or parameter type that is annotated with @OnlyIn(Dist.CLIENT). Loading the type is not possible, because it only exists in the CLIENT environment. The recommended fix is to annotate the method with this argument or return type with the same annotation. Lithium handles this error by assuming the class cannot be included in some optimizations.
[18Sep2025 17:22:56.823] [main/ERROR] [net.minecraftforge.fml.loading.RuntimeDistCleaner/DISTXFORM]: Attempted to load class net/minecraft/client/multiplayer/ClientLevel for invalid dist DEDICATED_SERVER
[18Sep2025 17:22:56.823] [main/WARN] [Radium Class Analysis/]: Radium Class Analysis Error: Class se.mickelus.tetra.blocks.multischematic.MultiblockSchematicBlock cannot be analysed, because getting declared methods crashes with RuntimeException: Attempted to load class net/minecraft/client/multiplayer/ClientLevel for invalid dist DEDICATED_SERVER. This is usually caused by modded entities declaring methods that have a return type or parameter type that is annotated with @OnlyIn(Dist.CLIENT). Loading the type is not possible, because it only exists in the CLIENT environment. The recommended fix is to annotate the method with this argument or return type with the same annotation. Lithium handles this error by assuming the class cannot be included in some optimizations.
[18Sep2025 17:22:56.824] [main/ERROR] [net.minecraftforge.fml.loading.RuntimeDistCleaner/DISTXFORM]: Attempted to load class net/minecraft/client/multiplayer/ClientLevel for invalid dist DEDICATED_SERVER
[18Sep2025 17:22:56.825] [main/WARN] [Radium Class Analysis/]: Radium Class Analysis Error: Class se.mickelus.tetra.blocks.multischematic.MultiblockSchematicBlock cannot be analysed, because getting declared methods crashes with RuntimeException: Attempted to load class net/minecraft/client/multiplayer/ClientLevel for invalid dist DEDICATED_SERVER. This is usually caused by modded entities declaring methods that have a return type or parameter type that is annotated with @OnlyIn(Dist.CLIENT). Loading the type is not possible, because it only exists in the CLIENT environment. The recommended fix is to annotate the method with this argument or return type with the same annotation. Lithium handles this error by assuming the class cannot be included in some optimizations.
[18Sep2025 17:22:56.825] [main/ERROR] [net.minecraftforge.fml.loading.RuntimeDistCleaner/DISTXFORM]: Attempted to load class net/minecraft/client/multiplayer/ClientLevel for invalid dist DEDICATED_SERVER
[18Sep2025 17:22:56.826] [main/WARN] [Radium Class Analysis/]: Radium Class Analysis Error: Class se.mickelus.tetra.blocks.multischematic.MultiblockSchematicBlock cannot be analysed, because getting declared methods crashes with RuntimeException: Attempted to load class net/minecraft/client/multiplayer/ClientLevel for invalid dist DEDICATED_SERVER. This is usually caused by modded entities declaring methods that have a return type or parameter type that is annotated with @OnlyIn(Dist.CLIENT). Loading the type is not possible, because it only exists in the CLIENT environment. The recommended fix is to annotate the method with this argument or return type with the same annotation. Lithium handles this error by assuming the class cannot be included in some optimizations.
[18Sep2025 17:22:57.831] [main/ERROR] [net.minecraftforge.fml.loading.RuntimeDistCleaner/DISTXFORM]: Attempted to load class com/mojang/blaze3d/vertex/PoseStack for invalid dist DEDICATED_SERVER
[18Sep2025 17:22:57.832] [main/WARN] [Radium Class Analysis/]: Radium Class Analysis Error: Class net.mehvahdjukaar.supplementaries.common.block.blocks.CannonBlock cannot be analysed, because getting declared methods crashes with RuntimeException: Attempted to load class com/mojang/blaze3d/vertex/PoseStack for invalid dist DEDICATED_SERVER. This is usually caused by modded entities declaring methods that have a return type or parameter type that is annotated with @OnlyIn(Dist.CLIENT). Loading the type is not possible, because it only exists in the CLIENT environment. The recommended fix is to annotate the method with this argument or return type with the same annotation. Lithium handles this error by assuming the class cannot be included in some optimizations.
[18Sep2025 17:22:57.832] [main/ERROR] [net.minecraftforge.fml.loading.RuntimeDistCleaner/DISTXFORM]: Attempted to load class com/mojang/blaze3d/vertex/PoseStack for invalid dist DEDICATED_SERVER
[18Sep2025 17:22:57.832] [main/WARN] [Radium Class Analysis/]: Radium Class Analysis Error: Class net.mehvahdjukaar.supplementaries.common.block.blocks.CannonBlock cannot be analysed, because getting declared methods crashes with RuntimeException: Attempted to load class com/mojang/blaze3d/vertex/PoseStack for invalid dist DEDICATED_SERVER. This is usually caused by modded entities declaring methods that have a return type or parameter type that is annotated with @OnlyIn(Dist.CLIENT). Loading the type is not possible, because it only exists in the CLIENT environment. The recommended fix is to annotate the method with this argument or return type with the same annotation. Lithium handles this error by assuming the class cannot be included in some optimizations.
[18Sep2025 17:22:58.171] [main/ERROR] [net.minecraftforge.eventbus.EventSubclassTransformer/EVENTBUS]: Could not find parent net/minecraft/client/particle/TextureSheetParticle for class com/cerbon/cerbons_api/api/general/particle/SimpleParticle in classloader cpw.mods.modlauncher.TransformingClassLoader@12421766 on thread Thread[main,5,main]
[18Sep2025 17:22:58.171] [main/ERROR] [net.minecraftforge.eventbus.EventSubclassTransformer/EVENTBUS]: An error occurred building event handler
java.lang.ClassNotFoundException: net.minecraft.client.particle.TextureSheetParticle
	at cpw.mods.cl.ModuleClassLoader.loadClass(ModuleClassLoader.java:141) ~[securejarhandler-2.1.10.jar:?]
	at java.lang.ClassLoader.loadClass(ClassLoader.java:525) ~[?:?]
	at net.minecraftforge.eventbus.EventSubclassTransformer.buildEvents(EventSubclassTransformer.java:97) ~[eventbus-6.0.5.jar%2352!/:?]
	at net.minecraftforge.eventbus.EventSubclassTransformer.transform(EventSubclassTransformer.java:48) ~[eventbus-6.0.5.jar%2352!/:?]
	at net.minecraftforge.eventbus.EventBusEngine.processClass(EventBusEngine.java:26) ~[eventbus-6.0.5.jar%2352!/:?]
	at net.minecraftforge.eventbus.service.ModLauncherService.processClassWithFlags(ModLauncherService.java:32) ~[eventbus-6.0.5.jar%2352!/:6.0.5+6.0.5+master.eb8e549b]
	at cpw.mods.modlauncher.LaunchPluginHandler.offerClassNodeToPlugins(LaunchPluginHandler.java:88) ~[modlauncher-10.0.9.jar%2355!/:?]
	at cpw.mods.modlauncher.ClassTransformer.transform(ClassTransformer.java:120) ~[modlauncher-10.0.9.jar%2355!/:?]
	at cpw.mods.modlauncher.TransformingClassLoader.maybeTransformClassBytes(TransformingClassLoader.java:50) ~[modlauncher-10.0.9.jar%2355!/:?]
	at cpw.mods.cl.ModuleClassLoader.readerToClass(ModuleClassLoader.java:113) ~[securejarhandler-2.1.10.jar:?]
	at cpw.mods.cl.ModuleClassLoader.lambda$findClass$15(ModuleClassLoader.java:219) ~[securejarhandler-2.1.10.jar:?]
	at cpw.mods.cl.ModuleClassLoader.loadFromModule(ModuleClassLoader.java:229) ~[securejarhandler-2.1.10.jar:?]
	at cpw.mods.cl.ModuleClassLoader.findClass(ModuleClassLoader.java:219) ~[securejarhandler-2.1.10.jar:?]
	at cpw.mods.cl.ModuleClassLoader.loadClass(ModuleClassLoader.java:135) ~[securejarhandler-2.1.10.jar:?]
	at java.lang.ClassLoader.loadClass(ClassLoader.java:525) ~[?:?]
	at java.lang.Class.getDeclaredMethods0(Native Method) ~[?:?]
	at java.lang.Class.privateGetDeclaredMethods(Class.java:3402) ~[?:?]
	at java.lang.Class.getDeclaredMethod(Class.java:2673) ~[?:?]
	at me.jellysquid.mods.lithium.common.reflection.ReflectionUtil.hasMethodOverride(ReflectionUtil.java:13) ~[radium-mc1.20.1-0.12.4+git.26c9d8e.jar%23441!/:?]
	at me.jellysquid.mods.lithium.common.ai.pathing.BlockClassChecker.lambda$hasNonstandardImplementation$0(BlockClassChecker.java:30) ~[radium-mc1.20.1-0.12.4+git.26c9d8e.jar%23441!/:?]
	at java.util.concurrent.ConcurrentHashMap.computeIfAbsent(ConcurrentHashMap.java:1740) ~[?:?]
	at me.jellysquid.mods.lithium.common.ai.pathing.BlockClassChecker.shouldUseDynamicTypeCheck(BlockClassChecker.java:22) ~[radium-mc1.20.1-0.12.4+git.26c9d8e.jar%23441!/:?]
	at net.minecraft.world.level.block.Block.handler$zla000$postConstruct(Block.java:1639) ~[server-1.20.1-20230612.114412-srg.jar%23495!/:?]
	at net.minecraft.world.level.block.Block.<init>(Block.java:181) ~[server-1.20.1-20230612.114412-srg.jar%23495!/:?]
	at com.cerbon.bosses_of_mass_destruction.block.custom.VoidBlossomBlock.<init>(VoidBlossomBlock.java:49) ~[BOMD-Forge-1.20.1-1.1.1.jar%23322!/:1.1.1]
	at com.cerbon.bosses_of_mass_destruction.block.BMDBlocks.lambda$static$2(BMDBlocks.java:24) ~[BOMD-Forge-1.20.1-1.1.1.jar%23322!/:1.1.1]
	at net.minecraftforge.registries.DeferredRegister.lambda$addEntries$1(DeferredRegister.java:386) ~[forge-1.20.1-47.4.0-universal.jar%23500!/:?]
	at net.minecraftforge.registries.RegisterEvent.register(RegisterEvent.java:59) ~[forge-1.20.1-47.4.0-universal.jar%23500!/:?]
	at net.minecraftforge.registries.DeferredRegister.addEntries(DeferredRegister.java:386) ~[forge-1.20.1-47.4.0-universal.jar%23500!/:?]
	at net.minecraftforge.registries.DeferredRegister$EventDispatcher.handleEvent(DeferredRegister.java:328) ~[forge-1.20.1-47.4.0-universal.jar%23500!/:?]
	at net.minecraftforge.registries.__EventDispatcher_handleEvent_RegisterEvent.invoke(.dynamic) ~[forge-1.20.1-47.4.0-universal.jar%23500!/:?]
	at net.minecraftforge.eventbus.ASMEventHandler.invoke(ASMEventHandler.java:73) ~[eventbus-6.0.5.jar%2352!/:?]
	at net.minecraftforge.eventbus.EventBus.post(EventBus.java:315) ~[eventbus-6.0.5.jar%2352!/:?]
	at net.minecraftforge.eventbus.EventBus.post(EventBus.java:296) ~[eventbus-6.0.5.jar%2352!/:?]
	at net.minecraftforge.fml.javafmlmod.FMLModContainer.acceptEvent(FMLModContainer.java:121) ~[javafmllanguage-1.20.1-47.4.0.jar%23497!/:?]
	at net.minecraftforge.fml.ModLoader.lambda$postEventWithWrapInModOrder$33(ModLoader.java:346) ~[fmlcore-1.20.1-47.4.0.jar%23496!/:?]
	at java.lang.Iterable.forEach(Iterable.java:75) ~[?:?]
	at net.minecraftforge.fml.ModList.forEachModInOrder(ModList.java:227) ~[fmlcore-1.20.1-47.4.0.jar%23496!/:?]
	at net.minecraftforge.fml.ModLoader.postEventWithWrapInModOrder(ModLoader.java:344) ~[fmlcore-1.20.1-47.4.0.jar%23496!/:?]
	at net.minecraftforge.fml.ModLoader.postEventWrapContainerInModOrder(ModLoader.java:337) ~[fmlcore-1.20.1-47.4.0.jar%23496!/:?]
	at net.minecraftforge.registries.GameData.postRegisterEvents(GameData.java:329) ~[forge-1.20.1-47.4.0-universal.jar%23500!/:?]
	at net.minecraftforge.common.ForgeStatesProvider.lambda$new$4(ForgeStatesProvider.java:25) ~[forge-1.20.1-47.4.0-universal.jar%23500!/:?]
	at net.minecraftforge.fml.ModLoader.handleInlineTransition(ModLoader.java:217) ~[fmlcore-1.20.1-47.4.0.jar%23496!/:?]
	at net.minecraftforge.fml.ModLoader.lambda$dispatchAndHandleError$19(ModLoader.java:209) ~[fmlcore-1.20.1-47.4.0.jar%23496!/:?]
	at java.util.Optional.ifPresent(Optional.java:178) ~[?:?]
	at net.minecraftforge.fml.ModLoader.dispatchAndHandleError(ModLoader.java:209) ~[fmlcore-1.20.1-47.4.0.jar%23496!/:?]
	at net.minecraftforge.fml.ModLoader.lambda$gatherAndInitializeMods$13(ModLoader.java:183) ~[fmlcore-1.20.1-47.4.0.jar%23496!/:?]
	at java.lang.Iterable.forEach(Iterable.java:75) ~[?:?]
	at net.minecraftforge.fml.ModLoader.gatherAndInitializeMods(ModLoader.java:183) ~[fmlcore-1.20.1-47.4.0.jar%23496!/:?]
	at net.minecraftforge.server.loading.ServerModLoader.load(ServerModLoader.java:30) ~[forge-1.20.1-47.4.0-universal.jar%23500!/:?]
	at net.minecraft.server.Main.main(Main.java:125) ~[server-1.20.1-20230612.114412-srg.jar%23495!/:?]
	at jdk.internal.reflect.NativeMethodAccessorImpl.invoke0(Native Method) ~[?:?]
	at jdk.internal.reflect.NativeMethodAccessorImpl.invoke(NativeMethodAccessorImpl.java:77) ~[?:?]
	at jdk.internal.reflect.DelegatingMethodAccessorImpl.invoke(DelegatingMethodAccessorImpl.java:43) ~[?:?]
	at java.lang.reflect.Method.invoke(Method.java:569) ~[?:?]
	at net.minecraftforge.fml.loading.targets.CommonLaunchHandler.runTarget(CommonLaunchHandler.java:111) ~[fmlloader-1.20.1-47.4.0.jar%2369!/:?]
	at net.minecraftforge.fml.loading.targets.CommonLaunchHandler.serverService(CommonLaunchHandler.java:103) ~[fmlloader-1.20.1-47.4.0.jar%2369!/:?]
	at net.minecraftforge.fml.loading.targets.CommonServerLaunchHandler.lambda$makeService$0(CommonServerLaunchHandler.java:27) ~[fmlloader-1.20.1-47.4.0.jar%2369!/:?]
	at cpw.mods.modlauncher.LaunchServiceHandlerDecorator.launch(LaunchServiceHandlerDecorator.java:30) ~[modlauncher-10.0.9.jar%2355!/:?]
	at cpw.mods.modlauncher.LaunchServiceHandler.launch(LaunchServiceHandler.java:53) ~[modlauncher-10.0.9.jar%2355!/:?]
	at cpw.mods.modlauncher.LaunchServiceHandler.launch(LaunchServiceHandler.java:71) ~[modlauncher-10.0.9.jar%2355!/:?]
	at cpw.mods.modlauncher.Launcher.run(Launcher.java:108) ~[modlauncher-10.0.9.jar%2355!/:?]
	at cpw.mods.modlauncher.Launcher.main(Launcher.java:78) ~[modlauncher-10.0.9.jar%2355!/:?]
	at cpw.mods.modlauncher.BootstrapLaunchConsumer.accept(BootstrapLaunchConsumer.java:26) ~[modlauncher-10.0.9.jar%2355!/:?]
	at cpw.mods.modlauncher.BootstrapLaunchConsumer.accept(BootstrapLaunchConsumer.java:23) ~[modlauncher-10.0.9.jar%2355!/:?]
	at cpw.mods.bootstraplauncher.BootstrapLauncher.main(BootstrapLauncher.java:141) ~[bootstraplauncher-1.1.2.jar:?]
[18Sep2025 17:22:58.175] [main/WARN] [Radium Class Analysis/]: Radium Class Analysis Error: Class com.cerbon.bosses_of_mass_destruction.block.custom.VoidBlossomBlock cannot be analysed, because getting declared methods crashes with NoClassDefFoundError: net/minecraft/client/particle/TextureSheetParticle. This is usually caused by modded entities declaring methods that have a return type or parameter type that is annotated with @OnlyIn(Dist.CLIENT). Loading the type is not possible, because it only exists in the CLIENT environment. The recommended fix is to annotate the method with this argument or return type with the same annotation. Lithium handles this error by assuming the class cannot be included in some optimizations.
[18Sep2025 17:22:58.175] [main/ERROR] [net.minecraftforge.eventbus.EventSubclassTransformer/EVENTBUS]: Could not find parent net/minecraft/client/particle/TextureSheetParticle for class com/cerbon/cerbons_api/api/general/particle/SimpleParticle in classloader cpw.mods.modlauncher.TransformingClassLoader@12421766 on thread Thread[main,5,main]
[18Sep2025 17:22:58.175] [main/ERROR] [net.minecraftforge.eventbus.EventSubclassTransformer/EVENTBUS]: An error occurred building event handler
java.lang.ClassNotFoundException: net.minecraft.client.particle.TextureSheetParticle
	at cpw.mods.cl.ModuleClassLoader.loadClass(ModuleClassLoader.java:141) ~[securejarhandler-2.1.10.jar:?]
	at java.lang.ClassLoader.loadClass(ClassLoader.java:525) ~[?:?]
	at net.minecraftforge.eventbus.EventSubclassTransformer.buildEvents(EventSubclassTransformer.java:97) ~[eventbus-6.0.5.jar%2352!/:?]
	at net.minecraftforge.eventbus.EventSubclassTransformer.transform(EventSubclassTransformer.java:48) ~[eventbus-6.0.5.jar%2352!/:?]
	at net.minecraftforge.eventbus.EventBusEngine.processClass(EventBusEngine.java:26) ~[eventbus-6.0.5.jar%2352!/:?]
	at net.minecraftforge.eventbus.service.ModLauncherService.processClassWithFlags(ModLauncherService.java:32) ~[eventbus-6.0.5.jar%2352!/:6.0.5+6.0.5+master.eb8e549b]
	at cpw.mods.modlauncher.LaunchPluginHandler.offerClassNodeToPlugins(LaunchPluginHandler.java:88) ~[modlauncher-10.0.9.jar%2355!/:?]
	at cpw.mods.modlauncher.ClassTransformer.transform(ClassTransformer.java:120) ~[modlauncher-10.0.9.jar%2355!/:?]
	at cpw.mods.modlauncher.TransformingClassLoader.maybeTransformClassBytes(TransformingClassLoader.java:50) ~[modlauncher-10.0.9.jar%2355!/:?]
	at cpw.mods.cl.ModuleClassLoader.readerToClass(ModuleClassLoader.java:113) ~[securejarhandler-2.1.10.jar:?]
	at cpw.mods.cl.ModuleClassLoader.lambda$findClass$15(ModuleClassLoader.java:219) ~[securejarhandler-2.1.10.jar:?]
	at cpw.mods.cl.ModuleClassLoader.loadFromModule(ModuleClassLoader.java:229) ~[securejarhandler-2.1.10.jar:?]
	at cpw.mods.cl.ModuleClassLoader.findClass(ModuleClassLoader.java:219) ~[securejarhandler-2.1.10.jar:?]
	at cpw.mods.cl.ModuleClassLoader.loadClass(ModuleClassLoader.java:135) ~[securejarhandler-2.1.10.jar:?]
	at java.lang.ClassLoader.loadClass(ClassLoader.java:525) ~[?:?]
	at java.lang.Class.getDeclaredMethods0(Native Method) ~[?:?]
	at java.lang.Class.privateGetDeclaredMethods(Class.java:3402) ~[?:?]
	at java.lang.Class.getDeclaredMethod(Class.java:2673) ~[?:?]
	at me.jellysquid.mods.lithium.common.reflection.ReflectionUtil.hasMethodOverride(ReflectionUtil.java:13) ~[radium-mc1.20.1-0.12.4+git.26c9d8e.jar%23441!/:?]
	at me.jellysquid.mods.lithium.common.ai.pathing.BlockClassChecker.lambda$hasNonstandardImplementation$0(BlockClassChecker.java:30) ~[radium-mc1.20.1-0.12.4+git.26c9d8e.jar%23441!/:?]
	at java.util.concurrent.ConcurrentHashMap.computeIfAbsent(ConcurrentHashMap.java:1740) ~[?:?]
	at me.jellysquid.mods.lithium.common.ai.pathing.BlockClassChecker.shouldUseDynamicBurningCheck(BlockClassChecker.java:26) ~[radium-mc1.20.1-0.12.4+git.26c9d8e.jar%23441!/:?]
	at net.minecraft.world.level.block.Block.handler$zla000$postConstruct(Block.java:1640) ~[server-1.20.1-20230612.114412-srg.jar%23495!/:?]
	at net.minecraft.world.level.block.Block.<init>(Block.java:181) ~[server-1.20.1-20230612.114412-srg.jar%23495!/:?]
	at com.cerbon.bosses_of_mass_destruction.block.custom.VoidBlossomBlock.<init>(VoidBlossomBlock.java:49) ~[BOMD-Forge-1.20.1-1.1.1.jar%23322!/:1.1.1]
	at com.cerbon.bosses_of_mass_destruction.block.BMDBlocks.lambda$static$2(BMDBlocks.java:24) ~[BOMD-Forge-1.20.1-1.1.1.jar%23322!/:1.1.1]
	at net.minecraftforge.registries.DeferredRegister.lambda$addEntries$1(DeferredRegister.java:386) ~[forge-1.20.1-47.4.0-universal.jar%23500!/:?]
	at net.minecraftforge.registries.RegisterEvent.register(RegisterEvent.java:59) ~[forge-1.20.1-47.4.0-universal.jar%23500!/:?]
	at net.minecraftforge.registries.DeferredRegister.addEntries(DeferredRegister.java:386) ~[forge-1.20.1-47.4.0-universal.jar%23500!/:?]
	at net.minecraftforge.registries.DeferredRegister$EventDispatcher.handleEvent(DeferredRegister.java:328) ~[forge-1.20.1-47.4.0-universal.jar%23500!/:?]
	at net.minecraftforge.registries.__EventDispatcher_handleEvent_RegisterEvent.invoke(.dynamic) ~[forge-1.20.1-47.4.0-universal.jar%23500!/:?]
	at net.minecraftforge.eventbus.ASMEventHandler.invoke(ASMEventHandler.java:73) ~[eventbus-6.0.5.jar%2352!/:?]
	at net.minecraftforge.eventbus.EventBus.post(EventBus.java:315) ~[eventbus-6.0.5.jar%2352!/:?]
	at net.minecraftforge.eventbus.EventBus.post(EventBus.java:296) ~[eventbus-6.0.5.jar%2352!/:?]
	at net.minecraftforge.fml.javafmlmod.FMLModContainer.acceptEvent(FMLModContainer.java:121) ~[javafmllanguage-1.20.1-47.4.0.jar%23497!/:?]
	at net.minecraftforge.fml.ModLoader.lambda$postEventWithWrapInModOrder$33(ModLoader.java:346) ~[fmlcore-1.20.1-47.4.0.jar%23496!/:?]
	at java.lang.Iterable.forEach(Iterable.java:75) ~[?:?]
	at net.minecraftforge.fml.ModList.forEachModInOrder(ModList.java:227) ~[fmlcore-1.20.1-47.4.0.jar%23496!/:?]
	at net.minecraftforge.fml.ModLoader.postEventWithWrapInModOrder(ModLoader.java:344) ~[fmlcore-1.20.1-47.4.0.jar%23496!/:?]
	at net.minecraftforge.fml.ModLoader.postEventWrapContainerInModOrder(ModLoader.java:337) ~[fmlcore-1.20.1-47.4.0.jar%23496!/:?]
	at net.minecraftforge.registries.GameData.postRegisterEvents(GameData.java:329) ~[forge-1.20.1-47.4.0-universal.jar%23500!/:?]
	at net.minecraftforge.common.ForgeStatesProvider.lambda$new$4(ForgeStatesProvider.java:25) ~[forge-1.20.1-47.4.0-universal.jar%23500!/:?]
	at net.minecraftforge.fml.ModLoader.handleInlineTransition(ModLoader.java:217) ~[fmlcore-1.20.1-47.4.0.jar%23496!/:?]
	at net.minecraftforge.fml.ModLoader.lambda$dispatchAndHandleError$19(ModLoader.java:209) ~[fmlcore-1.20.1-47.4.0.jar%23496!/:?]
	at java.util.Optional.ifPresent(Optional.java:178) ~[?:?]
	at net.minecraftforge.fml.ModLoader.dispatchAndHandleError(ModLoader.java:209) ~[fmlcore-1.20.1-47.4.0.jar%23496!/:?]
	at net.minecraftforge.fml.ModLoader.lambda$gatherAndInitializeMods$13(ModLoader.java:183) ~[fmlcore-1.20.1-47.4.0.jar%23496!/:?]
	at java.lang.Iterable.forEach(Iterable.java:75) ~[?:?]
	at net.minecraftforge.fml.ModLoader.gatherAndInitializeMods(ModLoader.java:183) ~[fmlcore-1.20.1-47.4.0.jar%23496!/:?]
	at net.minecraftforge.server.loading.ServerModLoader.load(ServerModLoader.java:30) ~[forge-1.20.1-47.4.0-universal.jar%23500!/:?]
	at net.minecraft.server.Main.main(Main.java:125) ~[server-1.20.1-20230612.114412-srg.jar%23495!/:?]
	at jdk.internal.reflect.NativeMethodAccessorImpl.invoke0(Native Method) ~[?:?]
	at jdk.internal.reflect.NativeMethodAccessorImpl.invoke(NativeMethodAccessorImpl.java:77) ~[?:?]
	at jdk.internal.reflect.DelegatingMethodAccessorImpl.invoke(DelegatingMethodAccessorImpl.java:43) ~[?:?]
	at java.lang.reflect.Method.invoke(Method.java:569) ~[?:?]
	at net.minecraftforge.fml.loading.targets.CommonLaunchHandler.runTarget(CommonLaunchHandler.java:111) ~[fmlloader-1.20.1-47.4.0.jar%2369!/:?]
	at net.minecraftforge.fml.loading.targets.CommonLaunchHandler.serverService(CommonLaunchHandler.java:103) ~[fmlloader-1.20.1-47.4.0.jar%2369!/:?]
	at net.minecraftforge.fml.loading.targets.CommonServerLaunchHandler.lambda$makeService$0(CommonServerLaunchHandler.java:27) ~[fmlloader-1.20.1-47.4.0.jar%2369!/:?]
	at cpw.mods.modlauncher.LaunchServiceHandlerDecorator.launch(LaunchServiceHandlerDecorator.java:30) ~[modlauncher-10.0.9.jar%2355!/:?]
	at cpw.mods.modlauncher.LaunchServiceHandler.launch(LaunchServiceHandler.java:53) ~[modlauncher-10.0.9.jar%2355!/:?]
	at cpw.mods.modlauncher.LaunchServiceHandler.launch(LaunchServiceHandler.java:71) ~[modlauncher-10.0.9.jar%2355!/:?]
	at cpw.mods.modlauncher.Launcher.run(Launcher.java:108) ~[modlauncher-10.0.9.jar%2355!/:?]
	at cpw.mods.modlauncher.Launcher.main(Launcher.java:78) ~[modlauncher-10.0.9.jar%2355!/:?]
	at cpw.mods.modlauncher.BootstrapLaunchConsumer.accept(BootstrapLaunchConsumer.java:26) ~[modlauncher-10.0.9.jar%2355!/:?]
	at cpw.mods.modlauncher.BootstrapLaunchConsumer.accept(BootstrapLaunchConsumer.java:23) ~[modlauncher-10.0.9.jar%2355!/:?]
	at cpw.mods.bootstraplauncher.BootstrapLauncher.main(BootstrapLauncher.java:141) ~[bootstraplauncher-1.1.2.jar:?]
[18Sep2025 17:22:58.177] [main/WARN] [Radium Class Analysis/]: Radium Class Analysis Error: Class com.cerbon.bosses_of_mass_destruction.block.custom.VoidBlossomBlock cannot be analysed, because getting declared methods crashes with NoClassDefFoundError: net/minecraft/client/particle/TextureSheetParticle. This is usually caused by modded entities declaring methods that have a return type or parameter type that is annotated with @OnlyIn(Dist.CLIENT). Loading the type is not possible, because it only exists in the CLIENT environment. The recommended fix is to annotate the method with this argument or return type with the same annotation. Lithium handles this error by assuming the class cannot be included in some optimizations.
[18Sep2025 17:22:58.182] [main/ERROR] [net.minecraftforge.eventbus.EventSubclassTransformer/EVENTBUS]: Could not find parent net/minecraft/client/particle/TextureSheetParticle for class com/cerbon/cerbons_api/api/general/particle/SimpleParticle in classloader cpw.mods.modlauncher.TransformingClassLoader@12421766 on thread Thread[main,5,main]
[18Sep2025 17:22:58.182] [main/ERROR] [net.minecraftforge.eventbus.EventSubclassTransformer/EVENTBUS]: An error occurred building event handler
java.lang.ClassNotFoundException: net.minecraft.client.particle.TextureSheetParticle
	at cpw.mods.cl.ModuleClassLoader.loadClass(ModuleClassLoader.java:141) ~[securejarhandler-2.1.10.jar:?]
	at java.lang.ClassLoader.loadClass(ClassLoader.java:525) ~[?:?]
	at net.minecraftforge.eventbus.EventSubclassTransformer.buildEvents(EventSubclassTransformer.java:97) ~[eventbus-6.0.5.jar%2352!/:?]
	at net.minecraftforge.eventbus.EventSubclassTransformer.transform(EventSubclassTransformer.java:48) ~[eventbus-6.0.5.jar%2352!/:?]
	at net.minecraftforge.eventbus.EventBusEngine.processClass(EventBusEngine.java:26) ~[eventbus-6.0.5.jar%2352!/:?]
	at net.minecraftforge.eventbus.service.ModLauncherService.processClassWithFlags(ModLauncherService.java:32) ~[eventbus-6.0.5.jar%2352!/:6.0.5+6.0.5+master.eb8e549b]
	at cpw.mods.modlauncher.LaunchPluginHandler.offerClassNodeToPlugins(LaunchPluginHandler.java:88) ~[modlauncher-10.0.9.jar%2355!/:?]
	at cpw.mods.modlauncher.ClassTransformer.transform(ClassTransformer.java:120) ~[modlauncher-10.0.9.jar%2355!/:?]
	at cpw.mods.modlauncher.TransformingClassLoader.maybeTransformClassBytes(TransformingClassLoader.java:50) ~[modlauncher-10.0.9.jar%2355!/:?]
	at cpw.mods.cl.ModuleClassLoader.readerToClass(ModuleClassLoader.java:113) ~[securejarhandler-2.1.10.jar:?]
	at cpw.mods.cl.ModuleClassLoader.lambda$findClass$15(ModuleClassLoader.java:219) ~[securejarhandler-2.1.10.jar:?]
	at cpw.mods.cl.ModuleClassLoader.loadFromModule(ModuleClassLoader.java:229) ~[securejarhandler-2.1.10.jar:?]
	at cpw.mods.cl.ModuleClassLoader.findClass(ModuleClassLoader.java:219) ~[securejarhandler-2.1.10.jar:?]
	at cpw.mods.cl.ModuleClassLoader.loadClass(ModuleClassLoader.java:135) ~[securejarhandler-2.1.10.jar:?]
	at java.lang.ClassLoader.loadClass(ClassLoader.java:525) ~[?:?]
	at java.lang.Class.getDeclaredMethods0(Native Method) ~[?:?]
	at java.lang.Class.privateGetDeclaredMethods(Class.java:3402) ~[?:?]
	at java.lang.Class.getDeclaredMethod(Class.java:2673) ~[?:?]
	at me.jellysquid.mods.lithium.common.reflection.ReflectionUtil.hasMethodOverride(ReflectionUtil.java:13) ~[radium-mc1.20.1-0.12.4+git.26c9d8e.jar%23441!/:?]
	at me.jellysquid.mods.lithium.common.ai.pathing.BlockClassChecker.lambda$hasNonstandardImplementation$0(BlockClassChecker.java:30) ~[radium-mc1.20.1-0.12.4+git.26c9d8e.jar%23441!/:?]
	at java.util.concurrent.ConcurrentHashMap.computeIfAbsent(ConcurrentHashMap.java:1708) ~[?:?]
	at me.jellysquid.mods.lithium.common.ai.pathing.BlockClassChecker.shouldUseDynamicTypeCheck(BlockClassChecker.java:22) ~[radium-mc1.20.1-0.12.4+git.26c9d8e.jar%23441!/:?]
	at net.minecraft.world.level.block.Block.handler$zla000$postConstruct(Block.java:1639) ~[server-1.20.1-20230612.114412-srg.jar%23495!/:?]
	at net.minecraft.world.level.block.Block.<init>(Block.java:181) ~[server-1.20.1-20230612.114412-srg.jar%23495!/:?]
	at net.minecraft.world.level.block.BaseEntityBlock.<init>(BaseEntityBlock.java:15) ~[server-1.20.1-20230612.114412-srg.jar%23495!/:?]
	at com.cerbon.bosses_of_mass_destruction.block.custom.MobWardBlock.<init>(MobWardBlock.java:45) ~[BOMD-Forge-1.20.1-1.1.1.jar%23322!/:1.1.1]
	at com.cerbon.bosses_of_mass_destruction.block.BMDBlocks.lambda$static$10(BMDBlocks.java:42) ~[BOMD-Forge-1.20.1-1.1.1.jar%23322!/:1.1.1]
	at net.minecraftforge.registries.DeferredRegister.lambda$addEntries$1(DeferredRegister.java:386) ~[forge-1.20.1-47.4.0-universal.jar%23500!/:?]
	at net.minecraftforge.registries.RegisterEvent.register(RegisterEvent.java:59) ~[forge-1.20.1-47.4.0-universal.jar%23500!/:?]
	at net.minecraftforge.registries.DeferredRegister.addEntries(DeferredRegister.java:386) ~[forge-1.20.1-47.4.0-universal.jar%23500!/:?]
	at net.minecraftforge.registries.DeferredRegister$EventDispatcher.handleEvent(DeferredRegister.java:328) ~[forge-1.20.1-47.4.0-universal.jar%23500!/:?]
	at net.minecraftforge.registries.__EventDispatcher_handleEvent_RegisterEvent.invoke(.dynamic) ~[forge-1.20.1-47.4.0-universal.jar%23500!/:?]
	at net.minecraftforge.eventbus.ASMEventHandler.invoke(ASMEventHandler.java:73) ~[eventbus-6.0.5.jar%2352!/:?]
	at net.minecraftforge.eventbus.EventBus.post(EventBus.java:315) ~[eventbus-6.0.5.jar%2352!/:?]
	at net.minecraftforge.eventbus.EventBus.post(EventBus.java:296) ~[eventbus-6.0.5.jar%2352!/:?]
	at net.minecraftforge.fml.javafmlmod.FMLModContainer.acceptEvent(FMLModContainer.java:121) ~[javafmllanguage-1.20.1-47.4.0.jar%23497!/:?]
	at net.minecraftforge.fml.ModLoader.lambda$postEventWithWrapInModOrder$33(ModLoader.java:346) ~[fmlcore-1.20.1-47.4.0.jar%23496!/:?]
	at java.lang.Iterable.forEach(Iterable.java:75) ~[?:?]
	at net.minecraftforge.fml.ModList.forEachModInOrder(ModList.java:227) ~[fmlcore-1.20.1-47.4.0.jar%23496!/:?]
	at net.minecraftforge.fml.ModLoader.postEventWithWrapInModOrder(ModLoader.java:344) ~[fmlcore-1.20.1-47.4.0.jar%23496!/:?]
	at net.minecraftforge.fml.ModLoader.postEventWrapContainerInModOrder(ModLoader.java:337) ~[fmlcore-1.20.1-47.4.0.jar%23496!/:?]
	at net.minecraftforge.registries.GameData.postRegisterEvents(GameData.java:329) ~[forge-1.20.1-47.4.0-universal.jar%23500!/:?]
	at net.minecraftforge.common.ForgeStatesProvider.lambda$new$4(ForgeStatesProvider.java:25) ~[forge-1.20.1-47.4.0-universal.jar%23500!/:?]
	at net.minecraftforge.fml.ModLoader.handleInlineTransition(ModLoader.java:217) ~[fmlcore-1.20.1-47.4.0.jar%23496!/:?]
	at net.minecraftforge.fml.ModLoader.lambda$dispatchAndHandleError$19(ModLoader.java:209) ~[fmlcore-1.20.1-47.4.0.jar%23496!/:?]
	at java.util.Optional.ifPresent(Optional.java:178) ~[?:?]
	at net.minecraftforge.fml.ModLoader.dispatchAndHandleError(ModLoader.java:209) ~[fmlcore-1.20.1-47.4.0.jar%23496!/:?]
	at net.minecraftforge.fml.ModLoader.lambda$gatherAndInitializeMods$13(ModLoader.java:183) ~[fmlcore-1.20.1-47.4.0.jar%23496!/:?]
	at java.lang.Iterable.forEach(Iterable.java:75) ~[?:?]
	at net.minecraftforge.fml.ModLoader.gatherAndInitializeMods(ModLoader.java:183) ~[fmlcore-1.20.1-47.4.0.jar%23496!/:?]
	at net.minecraftforge.server.loading.ServerModLoader.load(ServerModLoader.java:30) ~[forge-1.20.1-47.4.0-universal.jar%23500!/:?]
	at net.minecraft.server.Main.main(Main.java:125) ~[server-1.20.1-20230612.114412-srg.jar%23495!/:?]
	at jdk.internal.reflect.NativeMethodAccessorImpl.invoke0(Native Method) ~[?:?]
	at jdk.internal.reflect.NativeMethodAccessorImpl.invoke(NativeMethodAccessorImpl.java:77) ~[?:?]
	at jdk.internal.reflect.DelegatingMethodAccessorImpl.invoke(DelegatingMethodAccessorImpl.java:43) ~[?:?]
	at java.lang.reflect.Method.invoke(Method.java:569) ~[?:?]
	at net.minecraftforge.fml.loading.targets.CommonLaunchHandler.runTarget(CommonLaunchHandler.java:111) ~[fmlloader-1.20.1-47.4.0.jar%2369!/:?]
	at net.minecraftforge.fml.loading.targets.CommonLaunchHandler.serverService(CommonLaunchHandler.java:103) ~[fmlloader-1.20.1-47.4.0.jar%2369!/:?]
	at net.minecraftforge.fml.loading.targets.CommonServerLaunchHandler.lambda$makeService$0(CommonServerLaunchHandler.java:27) ~[fmlloader-1.20.1-47.4.0.jar%2369!/:?]
	at cpw.mods.modlauncher.LaunchServiceHandlerDecorator.launch(LaunchServiceHandlerDecorator.java:30) ~[modlauncher-10.0.9.jar%2355!/:?]
	at cpw.mods.modlauncher.LaunchServiceHandler.launch(LaunchServiceHandler.java:53) ~[modlauncher-10.0.9.jar%2355!/:?]
	at cpw.mods.modlauncher.LaunchServiceHandler.launch(LaunchServiceHandler.java:71) ~[modlauncher-10.0.9.jar%2355!/:?]
	at cpw.mods.modlauncher.Launcher.run(Launcher.java:108) ~[modlauncher-10.0.9.jar%2355!/:?]
	at cpw.mods.modlauncher.Launcher.main(Launcher.java:78) ~[modlauncher-10.0.9.jar%2355!/:?]
	at cpw.mods.modlauncher.BootstrapLaunchConsumer.accept(BootstrapLaunchConsumer.java:26) ~[modlauncher-10.0.9.jar%2355!/:?]
	at cpw.mods.modlauncher.BootstrapLaunchConsumer.accept(BootstrapLaunchConsumer.java:23) ~[modlauncher-10.0.9.jar%2355!/:?]
	at cpw.mods.bootstraplauncher.BootstrapLauncher.main(BootstrapLauncher.java:141) ~[bootstraplauncher-1.1.2.jar:?]
[18Sep2025 17:22:58.184] [main/WARN] [Radium Class Analysis/]: Radium Class Analysis Error: Class com.cerbon.bosses_of_mass_destruction.block.custom.MobWardBlock cannot be analysed, because getting declared methods crashes with NoClassDefFoundError: net/minecraft/client/particle/TextureSheetParticle. This is usually caused by modded entities declaring methods that have a return type or parameter type that is annotated with @OnlyIn(Dist.CLIENT). Loading the type is not possible, because it only exists in the CLIENT environment. The recommended fix is to annotate the method with this argument or return type with the same annotation. Lithium handles this error by assuming the class cannot be included in some optimizations.
[18Sep2025 17:22:58.185] [main/ERROR] [net.minecraftforge.eventbus.EventSubclassTransformer/EVENTBUS]: Could not find parent net/minecraft/client/particle/TextureSheetParticle for class com/cerbon/cerbons_api/api/general/particle/SimpleParticle in classloader cpw.mods.modlauncher.TransformingClassLoader@12421766 on thread Thread[main,5,main]
[18Sep2025 17:22:58.185] [main/ERROR] [net.minecraftforge.eventbus.EventSubclassTransformer/EVENTBUS]: An error occurred building event handler
java.lang.ClassNotFoundException: net.minecraft.client.particle.TextureSheetParticle
	at cpw.mods.cl.ModuleClassLoader.loadClass(ModuleClassLoader.java:141) ~[securejarhandler-2.1.10.jar:?]
	at java.lang.ClassLoader.loadClass(ClassLoader.java:525) ~[?:?]
	at net.minecraftforge.eventbus.EventSubclassTransformer.buildEvents(EventSubclassTransformer.java:97) ~[eventbus-6.0.5.jar%2352!/:?]
	at net.minecraftforge.eventbus.EventSubclassTransformer.transform(EventSubclassTransformer.java:48) ~[eventbus-6.0.5.jar%2352!/:?]
	at net.minecraftforge.eventbus.EventBusEngine.processClass(EventBusEngine.java:26) ~[eventbus-6.0.5.jar%2352!/:?]
	at net.minecraftforge.eventbus.service.ModLauncherService.processClassWithFlags(ModLauncherService.java:32) ~[eventbus-6.0.5.jar%2352!/:6.0.5+6.0.5+master.eb8e549b]
	at cpw.mods.modlauncher.LaunchPluginHandler.offerClassNodeToPlugins(LaunchPluginHandler.java:88) ~[modlauncher-10.0.9.jar%2355!/:?]
	at cpw.mods.modlauncher.ClassTransformer.transform(ClassTransformer.java:120) ~[modlauncher-10.0.9.jar%2355!/:?]
	at cpw.mods.modlauncher.TransformingClassLoader.maybeTransformClassBytes(TransformingClassLoader.java:50) ~[modlauncher-10.0.9.jar%2355!/:?]
	at cpw.mods.cl.ModuleClassLoader.readerToClass(ModuleClassLoader.java:113) ~[securejarhandler-2.1.10.jar:?]
	at cpw.mods.cl.ModuleClassLoader.lambda$findClass$15(ModuleClassLoader.java:219) ~[securejarhandler-2.1.10.jar:?]
	at cpw.mods.cl.ModuleClassLoader.loadFromModule(ModuleClassLoader.java:229) ~[securejarhandler-2.1.10.jar:?]
	at cpw.mods.cl.ModuleClassLoader.findClass(ModuleClassLoader.java:219) ~[securejarhandler-2.1.10.jar:?]
	at cpw.mods.cl.ModuleClassLoader.loadClass(ModuleClassLoader.java:135) ~[securejarhandler-2.1.10.jar:?]
	at java.lang.ClassLoader.loadClass(ClassLoader.java:525) ~[?:?]
	at java.lang.Class.getDeclaredMethods0(Native Method) ~[?:?]
	at java.lang.Class.privateGetDeclaredMethods(Class.java:3402) ~[?:?]
	at java.lang.Class.getDeclaredMethod(Class.java:2673) ~[?:?]
	at me.jellysquid.mods.lithium.common.reflection.ReflectionUtil.hasMethodOverride(ReflectionUtil.java:13) ~[radium-mc1.20.1-0.12.4+git.26c9d8e.jar%23441!/:?]
	at me.jellysquid.mods.lithium.common.ai.pathing.BlockClassChecker.lambda$hasNonstandardImplementation$0(BlockClassChecker.java:30) ~[radium-mc1.20.1-0.12.4+git.26c9d8e.jar%23441!/:?]
	at java.util.concurrent.ConcurrentHashMap.computeIfAbsent(ConcurrentHashMap.java:1708) ~[?:?]
	at me.jellysquid.mods.lithium.common.ai.pathing.BlockClassChecker.shouldUseDynamicBurningCheck(BlockClassChecker.java:26) ~[radium-mc1.20.1-0.12.4+git.26c9d8e.jar%23441!/:?]
	at net.minecraft.world.level.block.Block.handler$zla000$postConstruct(Block.java:1640) ~[server-1.20.1-20230612.114412-srg.jar%23495!/:?]
	at net.minecraft.world.level.block.Block.<init>(Block.java:181) ~[server-1.20.1-20230612.114412-srg.jar%23495!/:?]
	at net.minecraft.world.level.block.BaseEntityBlock.<init>(BaseEntityBlock.java:15) ~[server-1.20.1-20230612.114412-srg.jar%23495!/:?]
	at com.cerbon.bosses_of_mass_destruction.block.custom.MobWardBlock.<init>(MobWardBlock.java:45) ~[BOMD-Forge-1.20.1-1.1.1.jar%23322!/:1.1.1]
	at com.cerbon.bosses_of_mass_destruction.block.BMDBlocks.lambda$static$10(BMDBlocks.java:42) ~[BOMD-Forge-1.20.1-1.1.1.jar%23322!/:1.1.1]
	at net.minecraftforge.registries.DeferredRegister.lambda$addEntries$1(DeferredRegister.java:386) ~[forge-1.20.1-47.4.0-universal.jar%23500!/:?]
	at net.minecraftforge.registries.RegisterEvent.register(RegisterEvent.java:59) ~[forge-1.20.1-47.4.0-universal.jar%23500!/:?]
	at net.minecraftforge.registries.DeferredRegister.addEntries(DeferredRegister.java:386) ~[forge-1.20.1-47.4.0-universal.jar%23500!/:?]
	at net.minecraftforge.registries.DeferredRegister$EventDispatcher.handleEvent(DeferredRegister.java:328) ~[forge-1.20.1-47.4.0-universal.jar%23500!/:?]
	at net.minecraftforge.registries.__EventDispatcher_handleEvent_RegisterEvent.invoke(.dynamic) ~[forge-1.20.1-47.4.0-universal.jar%23500!/:?]
	at net.minecraftforge.eventbus.ASMEventHandler.invoke(ASMEventHandler.java:73) ~[eventbus-6.0.5.jar%2352!/:?]
	at net.minecraftforge.eventbus.EventBus.post(EventBus.java:315) ~[eventbus-6.0.5.jar%2352!/:?]
	at net.minecraftforge.eventbus.EventBus.post(EventBus.java:296) ~[eventbus-6.0.5.jar%2352!/:?]
	at net.minecraftforge.fml.javafmlmod.FMLModContainer.acceptEvent(FMLModContainer.java:121) ~[javafmllanguage-1.20.1-47.4.0.jar%23497!/:?]
	at net.minecraftforge.fml.ModLoader.lambda$postEventWithWrapInModOrder$33(ModLoader.java:346) ~[fmlcore-1.20.1-47.4.0.jar%23496!/:?]
	at java.lang.Iterable.forEach(Iterable.java:75) ~[?:?]
	at net.minecraftforge.fml.ModList.forEachModInOrder(ModList.java:227) ~[fmlcore-1.20.1-47.4.0.jar%23496!/:?]
	at net.minecraftforge.fml.ModLoader.postEventWithWrapInModOrder(ModLoader.java:344) ~[fmlcore-1.20.1-47.4.0.jar%23496!/:?]
	at net.minecraftforge.fml.ModLoader.postEventWrapContainerInModOrder(ModLoader.java:337) ~[fmlcore-1.20.1-47.4.0.jar%23496!/:?]
	at net.minecraftforge.registries.GameData.postRegisterEvents(GameData.java:329) ~[forge-1.20.1-47.4.0-universal.jar%23500!/:?]
	at net.minecraftforge.common.ForgeStatesProvider.lambda$new$4(ForgeStatesProvider.java:25) ~[forge-1.20.1-47.4.0-universal.jar%23500!/:?]
	at net.minecraftforge.fml.ModLoader.handleInlineTransition(ModLoader.java:217) ~[fmlcore-1.20.1-47.4.0.jar%23496!/:?]
	at net.minecraftforge.fml.ModLoader.lambda$dispatchAndHandleError$19(ModLoader.java:209) ~[fmlcore-1.20.1-47.4.0.jar%23496!/:?]
	at java.util.Optional.ifPresent(Optional.java:178) ~[?:?]
	at net.minecraftforge.fml.ModLoader.dispatchAndHandleError(ModLoader.java:209) ~[fmlcore-1.20.1-47.4.0.jar%23496!/:?]
	at net.minecraftforge.fml.ModLoader.lambda$gatherAndInitializeMods$13(ModLoader.java:183) ~[fmlcore-1.20.1-47.4.0.jar%23496!/:?]
	at java.lang.Iterable.forEach(Iterable.java:75) ~[?:?]
	at net.minecraftforge.fml.ModLoader.gatherAndInitializeMods(ModLoader.java:183) ~[fmlcore-1.20.1-47.4.0.jar%23496!/:?]
	at net.minecraftforge.server.loading.ServerModLoader.load(ServerModLoader.java:30) ~[forge-1.20.1-47.4.0-universal.jar%23500!/:?]
	at net.minecraft.server.Main.main(Main.java:125) ~[server-1.20.1-20230612.114412-srg.jar%23495!/:?]
	at jdk.internal.reflect.NativeMethodAccessorImpl.invoke0(Native Method) ~[?:?]
	at jdk.internal.reflect.NativeMethodAccessorImpl.invoke(NativeMethodAccessorImpl.java:77) ~[?:?]
	at jdk.internal.reflect.DelegatingMethodAccessorImpl.invoke(DelegatingMethodAccessorImpl.java:43) ~[?:?]
	at java.lang.reflect.Method.invoke(Method.java:569) ~[?:?]
	at net.minecraftforge.fml.loading.targets.CommonLaunchHandler.runTarget(CommonLaunchHandler.java:111) ~[fmlloader-1.20.1-47.4.0.jar%2369!/:?]
	at net.minecraftforge.fml.loading.targets.CommonLaunchHandler.serverService(CommonLaunchHandler.java:103) ~[fmlloader-1.20.1-47.4.0.jar%2369!/:?]
	at net.minecraftforge.fml.loading.targets.CommonServerLaunchHandler.lambda$makeService$0(CommonServerLaunchHandler.java:27) ~[fmlloader-1.20.1-47.4.0.jar%2369!/:?]
	at cpw.mods.modlauncher.LaunchServiceHandlerDecorator.launch(LaunchServiceHandlerDecorator.java:30) ~[modlauncher-10.0.9.jar%2355!/:?]
	at cpw.mods.modlauncher.LaunchServiceHandler.launch(LaunchServiceHandler.java:53) ~[modlauncher-10.0.9.jar%2355!/:?]
	at cpw.mods.modlauncher.LaunchServiceHandler.launch(LaunchServiceHandler.java:71) ~[modlauncher-10.0.9.jar%2355!/:?]
	at cpw.mods.modlauncher.Launcher.run(Launcher.java:108) ~[modlauncher-10.0.9.jar%2355!/:?]
	at cpw.mods.modlauncher.Launcher.main(Launcher.java:78) ~[modlauncher-10.0.9.jar%2355!/:?]
	at cpw.mods.modlauncher.BootstrapLaunchConsumer.accept(BootstrapLaunchConsumer.java:26) ~[modlauncher-10.0.9.jar%2355!/:?]
	at cpw.mods.modlauncher.BootstrapLaunchConsumer.accept(BootstrapLaunchConsumer.java:23) ~[modlauncher-10.0.9.jar%2355!/:?]
	at cpw.mods.bootstraplauncher.BootstrapLauncher.main(BootstrapLauncher.java:141) ~[bootstraplauncher-1.1.2.jar:?]
[18Sep2025 17:22:58.187] [main/WARN] [Radium Class Analysis/]: Radium Class Analysis Error: Class com.cerbon.bosses_of_mass_destruction.block.custom.MobWardBlock cannot be analysed, because getting declared methods crashes with NoClassDefFoundError: net/minecraft/client/particle/TextureSheetParticle. This is usually caused by modded entities declaring methods that have a return type or parameter type that is annotated with @OnlyIn(Dist.CLIENT). Loading the type is not possible, because it only exists in the CLIENT environment. The recommended fix is to annotate the method with this argument or return type with the same annotation. Lithium handles this error by assuming the class cannot be included in some optimizations.
[18Sep2025 17:22:59.001] [main/INFO] [Moonlight/]: Initialized block sets in 35ms
[18Sep2025 17:23:00.468] [main/WARN] [net.minecraftforge.common.ForgeConfigSpec/CORE]: Configuration file /workspaces/RES/servidor_minecraft/config/knightlib.toml is not correct. Correcting
[18Sep2025 17:23:00.486] [main/INFO] [Puzzles Lib/]: Loading common config for bettertridents
[18Sep2025 17:23:00.642] [modloading-worker-0/INFO] [Better Compatibility Checker/]: Better Compatibility Checker setup
[18Sep2025 17:23:00.757] [modloading-worker-0/INFO] [com.recipeessentials.RecipeEssentials/]: recipeessentials mod initialized
[18Sep2025 17:23:00.766] [Forge Version Check/INFO] [net.minecraftforge.fml.VersionChecker/]: [easyanvils] Starting version check at https://raw.githubusercontent.com/Fuzss/modresources/main/update/easyanvils.json
[18Sep2025 17:23:00.809] [modloading-worker-0/INFO] [Achievements Optimizer/]: Enabling Achievement Optimizer
[18Sep2025 17:23:00.917] [Thread-0/INFO] [ModernFix/]: Please use /mfsrc to reload any changed mod config files
[18Sep2025 17:23:00.936] [modloading-worker-0/INFO] [com.rajhab.morevanillashields_mod.morevanillashields/]: morevanillashields: This mod now runs with a config file. Feel free to use it!
[18Sep2025 17:23:00.998] [modloading-worker-0/INFO] [net.pixeldreamstudios.passiveskilltreeadditions.PassiveSkillTreeAdditions/]: Setting up Passive Skill Tree Additions!
[18Sep2025 17:23:01.008] [modloading-worker-0/INFO] [com.betterchunkloading.BetterChunkLoading/]: betterchunkloading mod initialized
[18Sep2025 17:23:01.033] [Forge Version Check/INFO] [net.minecraftforge.fml.VersionChecker/]: [easyanvils] Found status: UP_TO_DATE Current: 8.0.2 Target: null
[18Sep2025 17:23:01.033] [Forge Version Check/INFO] [net.minecraftforge.fml.VersionChecker/]: [mcwwindows] Starting version check at https://raw.githubusercontent.com/sketchmacaw/macawsmods/master/window.json
[18Sep2025 17:23:01.045] [Forge Version Check/INFO] [net.minecraftforge.fml.VersionChecker/]: [mcwwindows] Found status: UP_TO_DATE Current: 2.4.0 Target: null
[18Sep2025 17:23:01.045] [Forge Version Check/INFO] [net.minecraftforge.fml.VersionChecker/]: [advancementplaques] Starting version check at https://mc-update-check.anthonyhilyard.com/499826
[18Sep2025 17:23:01.246] [Forge Version Check/WARN] [net.minecraftforge.fml.VersionChecker/]: Failed to process update information
javax.net.ssl.SSLHandshakeException: PKIX path validation failed: java.security.cert.CertPathValidatorException: validity check failed
	at jdk.internal.net.http.HttpClientImpl.send(HttpClientImpl.java:579) ~[java.net.http:?]
	at jdk.internal.net.http.HttpClientFacade.send(HttpClientFacade.java:123) ~[java.net.http:?]
	at net.minecraftforge.fml.VersionChecker$1.openUrlString(VersionChecker.java:142) ~[fmlcore-1.20.1-47.4.0.jar%23496!/:?]
	at net.minecraftforge.fml.VersionChecker$1.process(VersionChecker.java:180) ~[fmlcore-1.20.1-47.4.0.jar%23496!/:?]
	at java.lang.Iterable.forEach(Iterable.java:75) ~[?:?]
	at net.minecraftforge.fml.VersionChecker$1.run(VersionChecker.java:117) ~[fmlcore-1.20.1-47.4.0.jar%23496!/:?]
Caused by: javax.net.ssl.SSLHandshakeException: PKIX path validation failed: java.security.cert.CertPathValidatorException: validity check failed
	at sun.security.ssl.Alert.createSSLException(Alert.java:131) ~[?:?]
	at sun.security.ssl.TransportContext.fatal(TransportContext.java:383) ~[?:?]
	at sun.security.ssl.TransportContext.fatal(TransportContext.java:326) ~[?:?]
	at sun.security.ssl.TransportContext.fatal(TransportContext.java:321) ~[?:?]
	at sun.security.ssl.CertificateMessage$T12CertificateConsumer.checkServerCerts(CertificateMessage.java:654) ~[?:?]
	at sun.security.ssl.CertificateMessage$T12CertificateConsumer.onCertificate(CertificateMessage.java:473) ~[?:?]
	at sun.security.ssl.CertificateMessage$T12CertificateConsumer.consume(CertificateMessage.java:369) ~[?:?]
	at sun.security.ssl.SSLHandshake.consume(SSLHandshake.java:396) ~[?:?]
	at sun.security.ssl.HandshakeContext.dispatch(HandshakeContext.java:480) ~[?:?]
	at sun.security.ssl.SSLEngineImpl$DelegatedTask$DelegatedAction.run(SSLEngineImpl.java:1277) ~[?:?]
	at sun.security.ssl.SSLEngineImpl$DelegatedTask$DelegatedAction.run(SSLEngineImpl.java:1264) ~[?:?]
	at java.security.AccessController.doPrivileged(AccessController.java:712) ~[?:?]
	at sun.security.ssl.SSLEngineImpl$DelegatedTask.run(SSLEngineImpl.java:1209) ~[?:?]
	at java.util.ArrayList.forEach(ArrayList.java:1511) ~[?:?]
	at jdk.internal.net.http.common.SSLFlowDelegate.lambda$executeTasks$3(SSLFlowDelegate.java:1132) ~[java.net.http:?]
	at jdk.internal.net.http.HttpClientImpl$DelegatingExecutor.execute(HttpClientImpl.java:158) ~[java.net.http:?]
	at jdk.internal.net.http.common.SSLFlowDelegate.executeTasks(SSLFlowDelegate.java:1127) ~[java.net.http:?]
	at jdk.internal.net.http.common.SSLFlowDelegate.doHandshake(SSLFlowDelegate.java:1093) ~[java.net.http:?]
	at jdk.internal.net.http.common.SSLFlowDelegate$Reader.processData(SSLFlowDelegate.java:498) ~[java.net.http:?]
	at jdk.internal.net.http.common.SSLFlowDelegate$Reader$ReaderDownstreamPusher.run(SSLFlowDelegate.java:282) ~[java.net.http:?]
	at jdk.internal.net.http.common.SequentialScheduler$LockingRestartableTask.run(SequentialScheduler.java:205) ~[java.net.http:?]
	at jdk.internal.net.http.common.SequentialScheduler$CompleteRestartableTask.run(SequentialScheduler.java:149) ~[java.net.http:?]
	at jdk.internal.net.http.common.SequentialScheduler$TryEndDeferredCompleter.complete(SequentialScheduler.java:347) ~[java.net.http:?]
	at jdk.internal.net.http.common.SequentialScheduler$CompleteRestartableTask.run(SequentialScheduler.java:151) ~[java.net.http:?]
	at jdk.internal.net.http.common.SequentialScheduler$SchedulableTask.run(SequentialScheduler.java:230) ~[java.net.http:?]
	at java.util.concurrent.ThreadPoolExecutor.runWorker(ThreadPoolExecutor.java:1136) ~[?:?]
	at java.util.concurrent.ThreadPoolExecutor$Worker.run(ThreadPoolExecutor.java:635) ~[?:?]
	at java.lang.Thread.run(Thread.java:840) ~[?:?]
Caused by: sun.security.validator.ValidatorException: PKIX path validation failed: java.security.cert.CertPathValidatorException: validity check failed
	at sun.security.validator.PKIXValidator.doValidate(PKIXValidator.java:369) ~[?:?]
	at sun.security.validator.PKIXValidator.engineValidate(PKIXValidator.java:275) ~[?:?]
	at sun.security.validator.Validator.validate(Validator.java:264) ~[?:?]
	at sun.security.ssl.X509TrustManagerImpl.checkTrusted(X509TrustManagerImpl.java:285) ~[?:?]
	at sun.security.ssl.X509TrustManagerImpl.checkServerTrusted(X509TrustManagerImpl.java:144) ~[?:?]
	at sun.security.ssl.CertificateMessage$T12CertificateConsumer.checkServerCerts(CertificateMessage.java:632) ~[?:?]
	at sun.security.ssl.CertificateMessage$T12CertificateConsumer.onCertificate(CertificateMessage.java:473) ~[?:?]
	at sun.security.ssl.CertificateMessage$T12CertificateConsumer.consume(CertificateMessage.java:369) ~[?:?]
	at sun.security.ssl.SSLHandshake.consume(SSLHandshake.java:396) ~[?:?]
	at sun.security.ssl.HandshakeContext.dispatch(HandshakeContext.java:480) ~[?:?]
	at sun.security.ssl.SSLEngineImpl$DelegatedTask$DelegatedAction.run(SSLEngineImpl.java:1277) ~[?:?]
	at sun.security.ssl.SSLEngineImpl$DelegatedTask$DelegatedAction.run(SSLEngineImpl.java:1264) ~[?:?]
	at java.security.AccessController.doPrivileged(AccessController.java:712) ~[?:?]
	at sun.security.ssl.SSLEngineImpl$DelegatedTask.run(SSLEngineImpl.java:1209) ~[?:?]
	at java.util.ArrayList.forEach(ArrayList.java:1511) ~[?:?]
	at jdk.internal.net.http.common.SSLFlowDelegate.lambda$executeTasks$3(SSLFlowDelegate.java:1132) ~[java.net.http:?]
	at jdk.internal.net.http.HttpClientImpl$DelegatingExecutor.execute(HttpClientImpl.java:158) ~[java.net.http:?]
	at jdk.internal.net.http.common.SSLFlowDelegate.executeTasks(SSLFlowDelegate.java:1127) ~[java.net.http:?]
	at jdk.internal.net.http.common.SSLFlowDelegate.doHandshake(SSLFlowDelegate.java:1093) ~[java.net.http:?]
	at jdk.internal.net.http.common.SSLFlowDelegate$Reader.processData(SSLFlowDelegate.java:498) ~[java.net.http:?]
	at jdk.internal.net.http.common.SSLFlowDelegate$Reader$ReaderDownstreamPusher.run(SSLFlowDelegate.java:282) ~[java.net.http:?]
	at jdk.internal.net.http.common.SequentialScheduler$LockingRestartableTask.run(SequentialScheduler.java:205) ~[java.net.http:?]
	at jdk.internal.net.http.common.SequentialScheduler$CompleteRestartableTask.run(SequentialScheduler.java:149) ~[java.net.http:?]
	at jdk.internal.net.http.common.SequentialScheduler$TryEndDeferredCompleter.complete(SequentialScheduler.java:347) ~[java.net.http:?]
	at jdk.internal.net.http.common.SequentialScheduler$CompleteRestartableTask.run(SequentialScheduler.java:151) ~[java.net.http:?]
	at jdk.internal.net.http.common.SequentialScheduler$SchedulableTask.run(SequentialScheduler.java:230) ~[java.net.http:?]
	at java.util.concurrent.ThreadPoolExecutor.runWorker(ThreadPoolExecutor.java:1136) ~[?:?]
	at java.util.concurrent.ThreadPoolExecutor$Worker.run(ThreadPoolExecutor.java:635) ~[?:?]
	at java.lang.Thread.run(Thread.java:840) ~[?:?]
Caused by: java.security.cert.CertPathValidatorException: validity check failed
	at sun.security.provider.certpath.PKIXMasterCertPathValidator.validate(PKIXMasterCertPathValidator.java:135) ~[?:?]
	at sun.security.provider.certpath.PKIXCertPathValidator.validate(PKIXCertPathValidator.java:224) ~[?:?]
	at sun.security.provider.certpath.PKIXCertPathValidator.validate(PKIXCertPathValidator.java:144) ~[?:?]
	at sun.security.provider.certpath.PKIXCertPathValidator.engineValidate(PKIXCertPathValidator.java:83) ~[?:?]
	at java.security.cert.CertPathValidator.validate(CertPathValidator.java:309) ~[?:?]
	at sun.security.validator.PKIXValidator.doValidate(PKIXValidator.java:364) ~[?:?]
	at sun.security.validator.PKIXValidator.engineValidate(PKIXValidator.java:275) ~[?:?]
	at sun.security.validator.Validator.validate(Validator.java:264) ~[?:?]
	at sun.security.ssl.X509TrustManagerImpl.checkTrusted(X509TrustManagerImpl.java:285) ~[?:?]
	at sun.security.ssl.X509TrustManagerImpl.checkServerTrusted(X509TrustManagerImpl.java:144) ~[?:?]
	at sun.security.ssl.CertificateMessage$T12CertificateConsumer.checkServerCerts(CertificateMessage.java:632) ~[?:?]
	at sun.security.ssl.CertificateMessage$T12CertificateConsumer.onCertificate(CertificateMessage.java:473) ~[?:?]
	at sun.security.ssl.CertificateMessage$T12CertificateConsumer.consume(CertificateMessage.java:369) ~[?:?]
	at sun.security.ssl.SSLHandshake.consume(SSLHandshake.java:396) ~[?:?]
	at sun.security.ssl.HandshakeContext.dispatch(HandshakeContext.java:480) ~[?:?]
	at sun.security.ssl.SSLEngineImpl$DelegatedTask$DelegatedAction.run(SSLEngineImpl.java:1277) ~[?:?]
	at sun.security.ssl.SSLEngineImpl$DelegatedTask$DelegatedAction.run(SSLEngineImpl.java:1264) ~[?:?]
	at java.security.AccessController.doPrivileged(AccessController.java:712) ~[?:?]
	at sun.security.ssl.SSLEngineImpl$DelegatedTask.run(SSLEngineImpl.java:1209) ~[?:?]
	at java.util.ArrayList.forEach(ArrayList.java:1511) ~[?:?]
	at jdk.internal.net.http.common.SSLFlowDelegate.lambda$executeTasks$3(SSLFlowDelegate.java:1132) ~[java.net.http:?]
	at jdk.internal.net.http.HttpClientImpl$DelegatingExecutor.execute(HttpClientImpl.java:158) ~[java.net.http:?]
	at jdk.internal.net.http.common.SSLFlowDelegate.executeTasks(SSLFlowDelegate.java:1127) ~[java.net.http:?]
	at jdk.internal.net.http.common.SSLFlowDelegate.doHandshake(SSLFlowDelegate.java:1093) ~[java.net.http:?]
	at jdk.internal.net.http.common.SSLFlowDelegate$Reader.processData(SSLFlowDelegate.java:498) ~[java.net.http:?]
	at jdk.internal.net.http.common.SSLFlowDelegate$Reader$ReaderDownstreamPusher.run(SSLFlowDelegate.java:282) ~[java.net.http:?]
	at jdk.internal.net.http.common.SequentialScheduler$LockingRestartableTask.run(SequentialScheduler.java:205) ~[java.net.http:?]
	at jdk.internal.net.http.common.SequentialScheduler$CompleteRestartableTask.run(SequentialScheduler.java:149) ~[java.net.http:?]
	at jdk.internal.net.http.common.SequentialScheduler$TryEndDeferredCompleter.complete(SequentialScheduler.java:347) ~[java.net.http:?]
	at jdk.internal.net.http.common.SequentialScheduler$CompleteRestartableTask.run(SequentialScheduler.java:151) ~[java.net.http:?]
	at jdk.internal.net.http.common.SequentialScheduler$SchedulableTask.run(SequentialScheduler.java:230) ~[java.net.http:?]
	at java.util.concurrent.ThreadPoolExecutor.runWorker(ThreadPoolExecutor.java:1136) ~[?:?]
	at java.util.concurrent.ThreadPoolExecutor$Worker.run(ThreadPoolExecutor.java:635) ~[?:?]
	at java.lang.Thread.run(Thread.java:840) ~[?:?]
Caused by: java.security.cert.CertificateExpiredException: NotAfter: Sat Sep 06 14:33:56 UTC 2025
	at sun.security.x509.CertificateValidity.valid(CertificateValidity.java:274) ~[?:?]
	at sun.security.x509.X509CertImpl.checkValidity(X509CertImpl.java:621) ~[?:?]
	at sun.security.provider.certpath.BasicChecker.verifyValidity(BasicChecker.java:190) ~[?:?]
	at sun.security.provider.certpath.BasicChecker.check(BasicChecker.java:144) ~[?:?]
	at sun.security.provider.certpath.PKIXMasterCertPathValidator.validate(PKIXMasterCertPathValidator.java:125) ~[?:?]
	at sun.security.provider.certpath.PKIXCertPathValidator.validate(PKIXCertPathValidator.java:224) ~[?:?]
	at sun.security.provider.certpath.PKIXCertPathValidator.validate(PKIXCertPathValidator.java:144) ~[?:?]
	at sun.security.provider.certpath.PKIXCertPathValidator.engineValidate(PKIXCertPathValidator.java:83) ~[?:?]
	at java.security.cert.CertPathValidator.validate(CertPathValidator.java:309) ~[?:?]
	at sun.security.validator.PKIXValidator.doValidate(PKIXValidator.java:364) ~[?:?]
	at sun.security.validator.PKIXValidator.engineValidate(PKIXValidator.java:275) ~[?:?]
	at sun.security.validator.Validator.validate(Validator.java:264) ~[?:?]
	at sun.security.ssl.X509TrustManagerImpl.checkTrusted(X509TrustManagerImpl.java:285) ~[?:?]
	at sun.security.ssl.X509TrustManagerImpl.checkServerTrusted(X509TrustManagerImpl.java:144) ~[?:?]
	at sun.security.ssl.CertificateMessage$T12CertificateConsumer.checkServerCerts(CertificateMessage.java:632) ~[?:?]
	at sun.security.ssl.CertificateMessage$T12CertificateConsumer.onCertificate(CertificateMessage.java:473) ~[?:?]
	at sun.security.ssl.CertificateMessage$T12CertificateConsumer.consume(CertificateMessage.java:369) ~[?:?]
	at sun.security.ssl.SSLHandshake.consume(SSLHandshake.java:396) ~[?:?]
	at sun.security.ssl.HandshakeContext.dispatch(HandshakeContext.java:480) ~[?:?]
	at sun.security.ssl.SSLEngineImpl$DelegatedTask$DelegatedAction.run(SSLEngineImpl.java:1277) ~[?:?]
	at sun.security.ssl.SSLEngineImpl$DelegatedTask$DelegatedAction.run(SSLEngineImpl.java:1264) ~[?:?]
	at java.security.AccessController.doPrivileged(AccessController.java:712) ~[?:?]
	at sun.security.ssl.SSLEngineImpl$DelegatedTask.run(SSLEngineImpl.java:1209) ~[?:?]
	at java.util.ArrayList.forEach(ArrayList.java:1511) ~[?:?]
	at jdk.internal.net.http.common.SSLFlowDelegate.lambda$executeTasks$3(SSLFlowDelegate.java:1132) ~[java.net.http:?]
	at jdk.internal.net.http.HttpClientImpl$DelegatingExecutor.execute(HttpClientImpl.java:158) ~[java.net.http:?]
	at jdk.internal.net.http.common.SSLFlowDelegate.executeTasks(SSLFlowDelegate.java:1127) ~[java.net.http:?]
	at jdk.internal.net.http.common.SSLFlowDelegate.doHandshake(SSLFlowDelegate.java:1093) ~[java.net.http:?]
	at jdk.internal.net.http.common.SSLFlowDelegate$Reader.processData(SSLFlowDelegate.java:498) ~[java.net.http:?]
	at jdk.internal.net.http.common.SSLFlowDelegate$Reader$ReaderDownstreamPusher.run(SSLFlowDelegate.java:282) ~[java.net.http:?]
	at jdk.internal.net.http.common.SequentialScheduler$LockingRestartableTask.run(SequentialScheduler.java:205) ~[java.net.http:?]
	at jdk.internal.net.http.common.SequentialScheduler$CompleteRestartableTask.run(SequentialScheduler.java:149) ~[java.net.http:?]
	at jdk.internal.net.http.common.SequentialScheduler$TryEndDeferredCompleter.complete(SequentialScheduler.java:347) ~[java.net.http:?]
	at jdk.internal.net.http.common.SequentialScheduler$CompleteRestartableTask.run(SequentialScheduler.java:151) ~[java.net.http:?]
	at jdk.internal.net.http.common.SequentialScheduler$SchedulableTask.run(SequentialScheduler.java:230) ~[java.net.http:?]
	at java.util.concurrent.ThreadPoolExecutor.runWorker(ThreadPoolExecutor.java:1136) ~[?:?]
	at java.util.concurrent.ThreadPoolExecutor$Worker.run(ThreadPoolExecutor.java:635) ~[?:?]
	at java.lang.Thread.run(Thread.java:840) ~[?:?]
[18Sep2025 17:23:01.250] [Forge Version Check/INFO] [net.minecraftforge.fml.VersionChecker/]: [gml] Starting version check at https://maven.moddinginquisition.org/releases/org/groovymc/gml/gml/forge-promotions.json
[18Sep2025 17:23:01.565] [main/INFO] [ribbits/]: Registering Ribbit umbrella types...
[18Sep2025 17:23:01.566] [main/INFO] [ribbits/]: Registering Ribbit professions...
[18Sep2025 17:23:01.566] [main/INFO] [ribbits/]: Registering Ribbit instruments...
[18Sep2025 17:23:01.567] [main/INFO] [ribbits/]: Registering Ribbit data serializers...
[18Sep2025 17:23:01.617] [main/INFO] [zeta/]: Common setup: Performing initial refresh of zeta's config on thread 'main'
[18Sep2025 17:23:01.618] [main/INFO] [zeta/]: 'zeta' is enabling Zeta's piston structure resolver.
[18Sep2025 17:23:01.619] [main/INFO] [zeta/]: Waiting for server start before accepting filewatcher changes to zeta's config
[18Sep2025 17:23:01.674] [Forge Version Check/INFO] [net.minecraftforge.fml.VersionChecker/]: [gml] Found status: BETA Current: 4.0.11 Target: null
[18Sep2025 17:23:01.674] [Forge Version Check/INFO] [net.minecraftforge.fml.VersionChecker/]: [mr_tidal_towns] Starting version check at https://api.modrinth.com/updates/EEIwvQVo/forge_updates.json
[18Sep2025 17:23:01.734] [main/INFO] [Supplementaries/]: Finished mod setup in: [21, 3, 0, 0, 0, 0, 11, 9, 1] ms
[18Sep2025 17:23:01.857] [Forge Version Check/INFO] [net.minecraftforge.fml.VersionChecker/]: [mr_tidal_towns] Found status: OUTDATED Current: 1.3.4 Target: 1.3.4+mod
[18Sep2025 17:23:01.857] [Forge Version Check/INFO] [net.minecraftforge.fml.VersionChecker/]: [tombstone] Starting version check at https://raw.githubusercontent.com/Corail31/tombstone_lite/master/update.json
[18Sep2025 17:23:01.867] [Forge Version Check/INFO] [net.minecraftforge.fml.VersionChecker/]: [tombstone] Found status: OUTDATED Current: 9.0.4 Target: 9.0.9
[18Sep2025 17:23:01.867] [Forge Version Check/INFO] [net.minecraftforge.fml.VersionChecker/]: [mr_limesplatus_ending] Starting version check at https://api.modrinth.com/updates/MCnBYP0b/forge_updates.json
[18Sep2025 17:23:01.919] [main/INFO] [Moonlight/]: Initialized color sets in 126ms
[18Sep2025 17:23:01.964] [Forge Version Check/INFO] [net.minecraftforge.fml.VersionChecker/]: [mr_limesplatus_ending] Found status: OUTDATED Current: 1-v1.1.0c Target: 1.1.0c+mod
[18Sep2025 17:23:01.964] [Forge Version Check/INFO] [net.minecraftforge.fml.VersionChecker/]: [radium] Starting version check at https://api.modrinth.com/updates/radium/forge_updates.json
[18Sep2025 17:23:01.996] [Forge Version Check/INFO] [net.minecraftforge.fml.VersionChecker/]: [radium] Found status: AHEAD Current: 0.12.4+git.26c9d8e Target: null
[18Sep2025 17:23:01.996] [Forge Version Check/INFO] [net.minecraftforge.fml.VersionChecker/]: [visualworkbench] Starting version check at https://raw.githubusercontent.com/Fuzss/modresources/main/update/visualworkbench.json
[18Sep2025 17:23:02.006] [Forge Version Check/INFO] [net.minecraftforge.fml.VersionChecker/]: [visualworkbench] Found status: OUTDATED Current: 8.0.0 Target: 8.0.1
[18Sep2025 17:23:02.006] [Forge Version Check/INFO] [net.minecraftforge.fml.VersionChecker/]: [attributefix] Starting version check at https://updates.blamejared.com/get?n=attributefix&gv=1.20.1
[18Sep2025 17:23:02.031] [modloading-worker-0/INFO] [xaero.minimap.XaeroMinimap/]: Loading Xaero's Minimap - Stage 1/2 (Server)
[18Sep2025 17:23:02.032] [modloading-worker-0/INFO] [xaero.map.server.WorldMapServer/]: Loading Xaero's World Map - Stage 1/2 (Server)
[18Sep2025 17:23:02.057] [main/INFO] [xaero.map.server.WorldMapServer/]: Loading Xaero's World Map - Stage 2/2 (Server)
[18Sep2025 17:23:02.057] [main/INFO] [xaero.minimap.XaeroMinimap/]: Loading Xaero's Minimap - Stage 2/2 (Server)
[18Sep2025 17:23:02.239] [modloading-worker-0/INFO] [io.redspace.ironsspellbooks.IronsSpellbooks/]: Got IMC []
[18Sep2025 17:23:02.345] [modloading-worker-0/INFO] [AttributeFix/]: Loaded values for 73 compatible attributes.
[18Sep2025 17:23:02.361] [modloading-worker-0/ERROR] [AttributeFix/]: Attribute ID 'skilltreemkp:points' does not belong to a known attribute. This entry will be ignored.
[18Sep2025 17:23:02.361] [modloading-worker-0/ERROR] [AttributeFix/]: Attribute ID 'skilltreemkp:multiplier' does not belong to a known attribute. This entry will be ignored.
[18Sep2025 17:23:02.362] [Forge Version Check/INFO] [net.minecraftforge.fml.VersionChecker/]: [attributefix] Found status: BETA Current: 21.0.4 Target: 21.0.4
[18Sep2025 17:23:02.362] [Forge Version Check/INFO] [net.minecraftforge.fml.VersionChecker/]: [goblintraders] Starting version check at https://mrcrayfish.com/modupdatejson?id=goblintraders
[18Sep2025 17:23:02.362] [modloading-worker-0/ERROR] [AttributeFix/]: Attribute ID 'skilltreemkp:rampup' does not belong to a known attribute. This entry will be ignored.
[18Sep2025 17:23:02.363] [modloading-worker-0/ERROR] [AttributeFix/]: Attribute ID 'skilltreemkp:damage_dealt' does not belong to a known attribute. This entry will be ignored.
[18Sep2025 17:23:02.363] [modloading-worker-0/INFO] [AttributeFix/]: Loaded 77 values from config.
[18Sep2025 17:23:02.381] [modloading-worker-0/INFO] [AttributeFix/]: Saving config file. 77 entries.
[18Sep2025 17:23:02.382] [modloading-worker-0/INFO] [AttributeFix/]: Applying changes for 77 attributes.
[18Sep2025 17:23:02.507] [Forge Version Check/WARN] [net.minecraftforge.fml.VersionChecker/]: Failed to process update information
com.google.gson.JsonSyntaxException: java.lang.IllegalStateException: Expected BEGIN_OBJECT but was STRING at line 1 column 1 path $
	at com.google.gson.Gson.fromJson(Gson.java:1226) ~[gson-2.10.jar%2372!/:?]
	at com.google.gson.Gson.fromJson(Gson.java:1124) ~[gson-2.10.jar%2372!/:?]
	at com.google.gson.Gson.fromJson(Gson.java:1034) ~[gson-2.10.jar%2372!/:?]
	at com.google.gson.Gson.fromJson(Gson.java:969) ~[gson-2.10.jar%2372!/:?]
	at net.minecraftforge.fml.VersionChecker$1.process(VersionChecker.java:186) ~[fmlcore-1.20.1-47.4.0.jar%23496!/:?]
	at java.lang.Iterable.forEach(Iterable.java:75) ~[?:?]
	at net.minecraftforge.fml.VersionChecker$1.run(VersionChecker.java:117) ~[fmlcore-1.20.1-47.4.0.jar%23496!/:?]
Caused by: java.lang.IllegalStateException: Expected BEGIN_OBJECT but was STRING at line 1 column 1 path $
	at com.google.gson.stream.JsonReader.beginObject(JsonReader.java:393) ~[gson-2.10.jar%2372!/:?]
	at com.google.gson.internal.bind.MapTypeAdapterFactory$Adapter.read(MapTypeAdapterFactory.java:182) ~[gson-2.10.jar%2372!/:?]
	at com.google.gson.internal.bind.MapTypeAdapterFactory$Adapter.read(MapTypeAdapterFactory.java:144) ~[gson-2.10.jar%2372!/:?]
	at com.google.gson.Gson.fromJson(Gson.java:1214) ~[gson-2.10.jar%2372!/:?]
	... 6 more
[18Sep2025 17:23:02.508] [Forge Version Check/INFO] [net.minecraftforge.fml.VersionChecker/]: [puzzlesaccessapi] Starting version check at https://raw.githubusercontent.com/Fuzss/modresources/main/update/puzzlesaccessapi.json
[18Sep2025 17:23:02.518] [Forge Version Check/INFO] [net.minecraftforge.fml.VersionChecker/]: [puzzlesaccessapi] Found status: BETA Current: 20.1.1 Target: null
[18Sep2025 17:23:02.518] [Forge Version Check/INFO] [net.minecraftforge.fml.VersionChecker/]: [forge] Starting version check at https://files.minecraftforge.net/net/minecraftforge/forge/promotions_slim.json
[18Sep2025 17:23:02.667] [Forge Version Check/INFO] [net.minecraftforge.fml.VersionChecker/]: [forge] Found status: UP_TO_DATE Current: 47.4.0 Target: null
[18Sep2025 17:23:02.669] [Forge Version Check/INFO] [net.minecraftforge.fml.VersionChecker/]: [puzzleslib] Starting version check at https://raw.githubusercontent.com/Fuzss/modresources/main/update/puzzleslib.json
[18Sep2025 17:23:02.681] [Forge Version Check/INFO] [net.minecraftforge.fml.VersionChecker/]: [puzzleslib] Found status: OUTDATED Current: 8.1.32 Target: 8.1.33
[18Sep2025 17:23:02.682] [Forge Version Check/INFO] [net.minecraftforge.fml.VersionChecker/]: [aquamirae] Starting version check at https://raw.githubusercontent.com/ObscuriaLithium/Home/main/aquamirae/versions.json
[18Sep2025 17:23:02.696] [Forge Version Check/WARN] [net.minecraftforge.fml.VersionChecker/]: Failed to process update information
com.google.gson.JsonSyntaxException: java.lang.IllegalStateException: Expected BEGIN_OBJECT but was NUMBER at line 1 column 4 path $
	at com.google.gson.Gson.fromJson(Gson.java:1226) ~[gson-2.10.jar%2372!/:?]
	at com.google.gson.Gson.fromJson(Gson.java:1124) ~[gson-2.10.jar%2372!/:?]
	at com.google.gson.Gson.fromJson(Gson.java:1034) ~[gson-2.10.jar%2372!/:?]
	at com.google.gson.Gson.fromJson(Gson.java:969) ~[gson-2.10.jar%2372!/:?]
	at net.minecraftforge.fml.VersionChecker$1.process(VersionChecker.java:186) ~[fmlcore-1.20.1-47.4.0.jar%23496!/:?]
	at java.lang.Iterable.forEach(Iterable.java:75) ~[?:?]
	at net.minecraftforge.fml.VersionChecker$1.run(VersionChecker.java:117) ~[fmlcore-1.20.1-47.4.0.jar%23496!/:?]
Caused by: java.lang.IllegalStateException: Expected BEGIN_OBJECT but was NUMBER at line 1 column 4 path $
	at com.google.gson.stream.JsonReader.beginObject(JsonReader.java:393) ~[gson-2.10.jar%2372!/:?]
	at com.google.gson.internal.bind.MapTypeAdapterFactory$Adapter.read(MapTypeAdapterFactory.java:182) ~[gson-2.10.jar%2372!/:?]
	at com.google.gson.internal.bind.MapTypeAdapterFactory$Adapter.read(MapTypeAdapterFactory.java:144) ~[gson-2.10.jar%2372!/:?]
	at com.google.gson.Gson.fromJson(Gson.java:1214) ~[gson-2.10.jar%2372!/:?]
	... 6 more
[18Sep2025 17:23:02.703] [Forge Version Check/INFO] [net.minecraftforge.fml.VersionChecker/]: [crittersandcompanions] Starting version check at https://api.modrinth.com/updates/critters-and-companions/forge_updates.json
[18Sep2025 17:23:02.750] [Forge Version Check/INFO] [net.minecraftforge.fml.VersionChecker/]: [crittersandcompanions] Found status: OUTDATED Current: 1.20.1-2.3.0 Target: 1.20.1-2.3.2
[18Sep2025 17:23:02.750] [Forge Version Check/INFO] [net.minecraftforge.fml.VersionChecker/]: [cobweb] Starting version check at https://api.modrinth.com/updates/cobweb/forge_updates.json
[18Sep2025 17:23:02.770] [main/ERROR] [net.minecraft.Util/]: Entity cataclysm_spellbooks:extended_laser_beam has no attributes
[18Sep2025 17:23:02.771] [main/ERROR] [net.minecraft.Util/]: Entity cataclysm_spellbooks:extended_death_laser_beam has no attributes
[18Sep2025 17:23:02.771] [main/ERROR] [net.minecraft.Util/]: Entity illageandspillage:bone has no attributes
[18Sep2025 17:23:02.771] [main/ERROR] [net.minecraft.Util/]: Entity illageandspillage:axe has no attributes
[18Sep2025 17:23:02.772] [main/ERROR] [net.minecraft.Util/]: Entity cataclysm_spellbooks:extended_laser_beam has no attributes
[18Sep2025 17:23:02.772] [main/ERROR] [net.minecraft.Util/]: Entity cataclysm_spellbooks:extended_death_laser_beam has no attributes
[18Sep2025 17:23:02.772] [main/ERROR] [net.minecraft.Util/]: Entity illageandspillage:bone has no attributes
[18Sep2025 17:23:02.772] [main/ERROR] [net.minecraft.Util/]: Entity illageandspillage:axe has no attributes
[18Sep2025 17:23:02.773] [main/ERROR] [net.minecraft.Util/]: Entity cataclysm_spellbooks:extended_laser_beam has no attributes
[18Sep2025 17:23:02.773] [main/ERROR] [net.minecraft.Util/]: Entity cataclysm_spellbooks:extended_death_laser_beam has no attributes
[18Sep2025 17:23:02.773] [main/ERROR] [net.minecraft.Util/]: Entity illageandspillage:bone has no attributes
[18Sep2025 17:23:02.773] [main/ERROR] [net.minecraft.Util/]: Entity illageandspillage:axe has no attributes
[18Sep2025 17:23:02.774] [main/ERROR] [net.minecraft.Util/]: Entity cataclysm_spellbooks:extended_laser_beam has no attributes
[18Sep2025 17:23:02.774] [main/ERROR] [net.minecraft.Util/]: Entity cataclysm_spellbooks:extended_death_laser_beam has no attributes
[18Sep2025 17:23:02.774] [main/ERROR] [net.minecraft.Util/]: Entity illageandspillage:bone has no attributes
[18Sep2025 17:23:02.774] [main/ERROR] [net.minecraft.Util/]: Entity illageandspillage:axe has no attributes
[18Sep2025 17:23:02.774] [main/ERROR] [net.minecraft.Util/]: Entity cataclysm_spellbooks:extended_laser_beam has no attributes
[18Sep2025 17:23:02.774] [main/ERROR] [net.minecraft.Util/]: Entity cataclysm_spellbooks:extended_death_laser_beam has no attributes
[18Sep2025 17:23:02.775] [main/ERROR] [net.minecraft.Util/]: Entity illageandspillage:bone has no attributes
[18Sep2025 17:23:02.775] [main/ERROR] [net.minecraft.Util/]: Entity illageandspillage:axe has no attributes
[18Sep2025 17:23:02.775] [main/ERROR] [net.minecraft.Util/]: Entity cataclysm_spellbooks:extended_laser_beam has no attributes
[18Sep2025 17:23:02.775] [main/ERROR] [net.minecraft.Util/]: Entity cataclysm_spellbooks:extended_death_laser_beam has no attributes
[18Sep2025 17:23:02.775] [main/ERROR] [net.minecraft.Util/]: Entity illageandspillage:bone has no attributes
[18Sep2025 17:23:02.776] [main/ERROR] [net.minecraft.Util/]: Entity illageandspillage:axe has no attributes
[18Sep2025 17:23:02.776] [main/ERROR] [net.minecraft.Util/]: Entity cataclysm_spellbooks:extended_laser_beam has no attributes
[18Sep2025 17:23:02.776] [main/ERROR] [net.minecraft.Util/]: Entity cataclysm_spellbooks:extended_death_laser_beam has no attributes
[18Sep2025 17:23:02.776] [main/ERROR] [net.minecraft.Util/]: Entity illageandspillage:bone has no attributes
[18Sep2025 17:23:02.776] [main/ERROR] [net.minecraft.Util/]: Entity illageandspillage:axe has no attributes
[18Sep2025 17:23:02.777] [main/ERROR] [net.minecraft.Util/]: Entity cataclysm_spellbooks:extended_laser_beam has no attributes
[18Sep2025 17:23:02.777] [main/ERROR] [net.minecraft.Util/]: Entity cataclysm_spellbooks:extended_death_laser_beam has no attributes
[18Sep2025 17:23:02.777] [main/ERROR] [net.minecraft.Util/]: Entity illageandspillage:bone has no attributes
[18Sep2025 17:23:02.777] [main/ERROR] [net.minecraft.Util/]: Entity illageandspillage:axe has no attributes
[18Sep2025 17:23:02.778] [main/ERROR] [net.minecraft.Util/]: Entity cataclysm_spellbooks:extended_laser_beam has no attributes
[18Sep2025 17:23:02.778] [main/ERROR] [net.minecraft.Util/]: Entity cataclysm_spellbooks:extended_death_laser_beam has no attributes
[18Sep2025 17:23:02.778] [main/ERROR] [net.minecraft.Util/]: Entity illageandspillage:bone has no attributes
[18Sep2025 17:23:02.778] [main/ERROR] [net.minecraft.Util/]: Entity illageandspillage:axe has no attributes
[18Sep2025 17:23:02.778] [main/ERROR] [net.minecraft.Util/]: Entity cataclysm_spellbooks:extended_laser_beam has no attributes
[18Sep2025 17:23:02.778] [main/ERROR] [net.minecraft.Util/]: Entity cataclysm_spellbooks:extended_death_laser_beam has no attributes
[18Sep2025 17:23:02.779] [main/ERROR] [net.minecraft.Util/]: Entity illageandspillage:bone has no attributes
[18Sep2025 17:23:02.779] [main/ERROR] [net.minecraft.Util/]: Entity illageandspillage:axe has no attributes
[18Sep2025 17:23:02.779] [main/ERROR] [net.minecraft.Util/]: Entity cataclysm_spellbooks:extended_laser_beam has no attributes
[18Sep2025 17:23:02.779] [main/ERROR] [net.minecraft.Util/]: Entity cataclysm_spellbooks:extended_death_laser_beam has no attributes
[18Sep2025 17:23:02.779] [main/ERROR] [net.minecraft.Util/]: Entity illageandspillage:bone has no attributes
[18Sep2025 17:23:02.779] [main/ERROR] [net.minecraft.Util/]: Entity illageandspillage:axe has no attributes
[18Sep2025 17:23:02.780] [main/ERROR] [net.minecraft.Util/]: Entity cataclysm_spellbooks:extended_laser_beam has no attributes
[18Sep2025 17:23:02.780] [main/ERROR] [net.minecraft.Util/]: Entity cataclysm_spellbooks:extended_death_laser_beam has no attributes
[18Sep2025 17:23:02.780] [main/ERROR] [net.minecraft.Util/]: Entity illageandspillage:bone has no attributes
[18Sep2025 17:23:02.780] [main/ERROR] [net.minecraft.Util/]: Entity illageandspillage:axe has no attributes
[18Sep2025 17:23:02.780] [main/ERROR] [net.minecraft.Util/]: Entity cataclysm_spellbooks:extended_laser_beam has no attributes
[18Sep2025 17:23:02.780] [main/ERROR] [net.minecraft.Util/]: Entity cataclysm_spellbooks:extended_death_laser_beam has no attributes
[18Sep2025 17:23:02.781] [main/ERROR] [net.minecraft.Util/]: Entity illageandspillage:bone has no attributes
[18Sep2025 17:23:02.781] [main/ERROR] [net.minecraft.Util/]: Entity illageandspillage:axe has no attributes
[18Sep2025 17:23:02.781] [main/ERROR] [net.minecraft.Util/]: Entity cataclysm_spellbooks:extended_laser_beam has no attributes
[18Sep2025 17:23:02.781] [main/ERROR] [net.minecraft.Util/]: Entity cataclysm_spellbooks:extended_death_laser_beam has no attributes
[18Sep2025 17:23:02.781] [main/ERROR] [net.minecraft.Util/]: Entity illageandspillage:bone has no attributes
[18Sep2025 17:23:02.781] [main/ERROR] [net.minecraft.Util/]: Entity illageandspillage:axe has no attributes
[18Sep2025 17:23:02.782] [main/ERROR] [net.minecraft.Util/]: Entity cataclysm_spellbooks:extended_laser_beam has no attributes
[18Sep2025 17:23:02.782] [main/ERROR] [net.minecraft.Util/]: Entity cataclysm_spellbooks:extended_death_laser_beam has no attributes
[18Sep2025 17:23:02.782] [main/ERROR] [net.minecraft.Util/]: Entity illageandspillage:bone has no attributes
[18Sep2025 17:23:02.782] [main/ERROR] [net.minecraft.Util/]: Entity illageandspillage:axe has no attributes
[18Sep2025 17:23:02.782] [main/ERROR] [net.minecraft.Util/]: Entity cataclysm_spellbooks:extended_laser_beam has no attributes
[18Sep2025 17:23:02.783] [main/ERROR] [net.minecraft.Util/]: Entity cataclysm_spellbooks:extended_death_laser_beam has no attributes
[18Sep2025 17:23:02.783] [main/ERROR] [net.minecraft.Util/]: Entity illageandspillage:bone has no attributes
[18Sep2025 17:23:02.783] [main/ERROR] [net.minecraft.Util/]: Entity illageandspillage:axe has no attributes
[18Sep2025 17:23:02.783] [main/ERROR] [net.minecraft.Util/]: Entity cataclysm_spellbooks:extended_laser_beam has no attributes
[18Sep2025 17:23:02.783] [main/ERROR] [net.minecraft.Util/]: Entity cataclysm_spellbooks:extended_death_laser_beam has no attributes
[18Sep2025 17:23:02.783] [main/ERROR] [net.minecraft.Util/]: Entity illageandspillage:bone has no attributes
[18Sep2025 17:23:02.783] [main/ERROR] [net.minecraft.Util/]: Entity illageandspillage:axe has no attributes
[18Sep2025 17:23:02.784] [main/ERROR] [net.minecraft.Util/]: Entity cataclysm_spellbooks:extended_laser_beam has no attributes
[18Sep2025 17:23:02.784] [main/ERROR] [net.minecraft.Util/]: Entity cataclysm_spellbooks:extended_death_laser_beam has no attributes
[18Sep2025 17:23:02.784] [main/ERROR] [net.minecraft.Util/]: Entity illageandspillage:bone has no attributes
[18Sep2025 17:23:02.784] [main/ERROR] [net.minecraft.Util/]: Entity illageandspillage:axe has no attributes
[18Sep2025 17:23:02.784] [main/ERROR] [net.minecraft.Util/]: Entity cataclysm_spellbooks:extended_laser_beam has no attributes
[18Sep2025 17:23:02.784] [main/ERROR] [net.minecraft.Util/]: Entity cataclysm_spellbooks:extended_death_laser_beam has no attributes
[18Sep2025 17:23:02.792] [main/ERROR] [net.minecraft.Util/]: Entity illageandspillage:bone has no attributes
[18Sep2025 17:23:02.792] [main/ERROR] [net.minecraft.Util/]: Entity illageandspillage:axe has no attributes
[18Sep2025 17:23:02.793] [main/ERROR] [net.minecraft.Util/]: Entity cataclysm_spellbooks:extended_laser_beam has no attributes
[18Sep2025 17:23:02.793] [main/ERROR] [net.minecraft.Util/]: Entity cataclysm_spellbooks:extended_death_laser_beam has no attributes
[18Sep2025 17:23:02.794] [main/ERROR] [net.minecraft.Util/]: Entity illageandspillage:bone has no attributes
[18Sep2025 17:23:02.794] [main/ERROR] [net.minecraft.Util/]: Entity illageandspillage:axe has no attributes
[18Sep2025 17:23:02.794] [main/ERROR] [net.minecraft.Util/]: Entity cataclysm_spellbooks:extended_laser_beam has no attributes
[18Sep2025 17:23:02.795] [main/ERROR] [net.minecraft.Util/]: Entity cataclysm_spellbooks:extended_death_laser_beam has no attributes
[18Sep2025 17:23:02.795] [main/ERROR] [net.minecraft.Util/]: Entity illageandspillage:bone has no attributes
[18Sep2025 17:23:02.795] [main/ERROR] [net.minecraft.Util/]: Entity illageandspillage:axe has no attributes
[18Sep2025 17:23:02.796] [main/ERROR] [net.minecraft.Util/]: Entity cataclysm_spellbooks:extended_laser_beam has no attributes
[18Sep2025 17:23:02.796] [main/ERROR] [net.minecraft.Util/]: Entity cataclysm_spellbooks:extended_death_laser_beam has no attributes
[18Sep2025 17:23:02.796] [main/ERROR] [net.minecraft.Util/]: Entity illageandspillage:bone has no attributes
[18Sep2025 17:23:02.796] [main/ERROR] [net.minecraft.Util/]: Entity illageandspillage:axe has no attributes
[18Sep2025 17:23:02.796] [main/ERROR] [net.minecraft.Util/]: Entity cataclysm_spellbooks:extended_laser_beam has no attributes
[18Sep2025 17:23:02.796] [main/ERROR] [net.minecraft.Util/]: Entity cataclysm_spellbooks:extended_death_laser_beam has no attributes
[18Sep2025 17:23:02.797] [main/ERROR] [net.minecraft.Util/]: Entity illageandspillage:bone has no attributes
[18Sep2025 17:23:02.797] [main/ERROR] [net.minecraft.Util/]: Entity illageandspillage:axe has no attributes
[18Sep2025 17:23:02.797] [main/ERROR] [net.minecraft.Util/]: Entity cataclysm_spellbooks:extended_laser_beam has no attributes
[18Sep2025 17:23:02.797] [main/ERROR] [net.minecraft.Util/]: Entity cataclysm_spellbooks:extended_death_laser_beam has no attributes
[18Sep2025 17:23:02.797] [main/ERROR] [net.minecraft.Util/]: Entity illageandspillage:bone has no attributes
[18Sep2025 17:23:02.797] [main/ERROR] [net.minecraft.Util/]: Entity illageandspillage:axe has no attributes
[18Sep2025 17:23:02.797] [main/ERROR] [net.minecraft.Util/]: Entity cataclysm_spellbooks:extended_laser_beam has no attributes
[18Sep2025 17:23:02.797] [main/ERROR] [net.minecraft.Util/]: Entity cataclysm_spellbooks:extended_death_laser_beam has no attributes
[18Sep2025 17:23:02.797] [main/ERROR] [net.minecraft.Util/]: Entity illageandspillage:bone has no attributes
[18Sep2025 17:23:02.798] [main/ERROR] [net.minecraft.Util/]: Entity illageandspillage:axe has no attributes
[18Sep2025 17:23:02.799] [main/ERROR] [net.minecraft.Util/]: Entity cataclysm_spellbooks:extended_laser_beam has no attributes
[18Sep2025 17:23:02.799] [main/ERROR] [net.minecraft.Util/]: Entity cataclysm_spellbooks:extended_death_laser_beam has no attributes
[18Sep2025 17:23:02.799] [main/ERROR] [net.minecraft.Util/]: Entity illageandspillage:bone has no attributes
[18Sep2025 17:23:02.800] [main/ERROR] [net.minecraft.Util/]: Entity illageandspillage:axe has no attributes
[18Sep2025 17:23:02.800] [Forge Version Check/INFO] [net.minecraftforge.fml.VersionChecker/]: [cobweb] Found status: UP_TO_DATE Current: 1.0.1 Target: null
[18Sep2025 17:23:02.800] [main/ERROR] [net.minecraft.Util/]: Entity cataclysm_spellbooks:extended_laser_beam has no attributes
[18Sep2025 17:23:02.800] [Forge Version Check/INFO] [net.minecraftforge.fml.VersionChecker/]: [soul_fire_d] Starting version check at https://api.modrinth.com/updates/soul-fire-d/forge_updates.json
[18Sep2025 17:23:02.800] [main/ERROR] [net.minecraft.Util/]: Entity cataclysm_spellbooks:extended_death_laser_beam has no attributes
[18Sep2025 17:23:02.800] [main/ERROR] [net.minecraft.Util/]: Entity illageandspillage:bone has no attributes
[18Sep2025 17:23:02.801] [main/ERROR] [net.minecraft.Util/]: Entity illageandspillage:axe has no attributes
[18Sep2025 17:23:02.801] [main/ERROR] [net.minecraft.Util/]: Entity cataclysm_spellbooks:extended_laser_beam has no attributes
[18Sep2025 17:23:02.801] [main/ERROR] [net.minecraft.Util/]: Entity cataclysm_spellbooks:extended_death_laser_beam has no attributes
[18Sep2025 17:23:02.801] [main/ERROR] [net.minecraft.Util/]: Entity illageandspillage:bone has no attributes
[18Sep2025 17:23:02.801] [main/ERROR] [net.minecraft.Util/]: Entity illageandspillage:axe has no attributes
[18Sep2025 17:23:02.802] [main/ERROR] [net.minecraft.Util/]: Entity cataclysm_spellbooks:extended_laser_beam has no attributes
[18Sep2025 17:23:02.802] [main/ERROR] [net.minecraft.Util/]: Entity cataclysm_spellbooks:extended_death_laser_beam has no attributes
[18Sep2025 17:23:02.802] [main/ERROR] [net.minecraft.Util/]: Entity illageandspillage:bone has no attributes
[18Sep2025 17:23:02.803] [main/ERROR] [net.minecraft.Util/]: Entity illageandspillage:axe has no attributes
[18Sep2025 17:23:02.806] [main/ERROR] [net.minecraft.Util/]: Entity cataclysm_spellbooks:extended_laser_beam has no attributes
[18Sep2025 17:23:02.806] [main/ERROR] [net.minecraft.Util/]: Entity cataclysm_spellbooks:extended_death_laser_beam has no attributes
[18Sep2025 17:23:02.806] [main/ERROR] [net.minecraft.Util/]: Entity illageandspillage:bone has no attributes
[18Sep2025 17:23:02.807] [main/ERROR] [net.minecraft.Util/]: Entity illageandspillage:axe has no attributes
[18Sep2025 17:23:02.807] [main/ERROR] [net.minecraft.Util/]: Entity cataclysm_spellbooks:extended_laser_beam has no attributes
[18Sep2025 17:23:02.808] [main/ERROR] [net.minecraft.Util/]: Entity cataclysm_spellbooks:extended_death_laser_beam has no attributes
[18Sep2025 17:23:02.810] [main/ERROR] [net.minecraft.Util/]: Entity illageandspillage:bone has no attributes
[18Sep2025 17:23:02.810] [main/ERROR] [net.minecraft.Util/]: Entity illageandspillage:axe has no attributes
[18Sep2025 17:23:02.811] [main/ERROR] [net.minecraft.Util/]: Entity cataclysm_spellbooks:extended_laser_beam has no attributes
[18Sep2025 17:23:02.811] [main/ERROR] [net.minecraft.Util/]: Entity cataclysm_spellbooks:extended_death_laser_beam has no attributes
[18Sep2025 17:23:02.811] [main/ERROR] [net.minecraft.Util/]: Entity illageandspillage:bone has no attributes
[18Sep2025 17:23:02.812] [main/ERROR] [net.minecraft.Util/]: Entity illageandspillage:axe has no attributes
[18Sep2025 17:23:02.812] [main/ERROR] [net.minecraft.Util/]: Entity cataclysm_spellbooks:extended_laser_beam has no attributes
[18Sep2025 17:23:02.812] [main/ERROR] [net.minecraft.Util/]: Entity cataclysm_spellbooks:extended_death_laser_beam has no attributes
[18Sep2025 17:23:02.813] [main/ERROR] [net.minecraft.Util/]: Entity illageandspillage:bone has no attributes
[18Sep2025 17:23:02.813] [main/ERROR] [net.minecraft.Util/]: Entity illageandspillage:axe has no attributes
[18Sep2025 17:23:02.813] [main/ERROR] [net.minecraft.Util/]: Entity cataclysm_spellbooks:extended_laser_beam has no attributes
[18Sep2025 17:23:02.817] [main/ERROR] [net.minecraft.Util/]: Entity cataclysm_spellbooks:extended_death_laser_beam has no attributes
[18Sep2025 17:23:02.817] [main/ERROR] [net.minecraft.Util/]: Entity illageandspillage:bone has no attributes
[18Sep2025 17:23:02.817] [main/ERROR] [net.minecraft.Util/]: Entity illageandspillage:axe has no attributes
[18Sep2025 17:23:02.817] [main/ERROR] [net.minecraft.Util/]: Entity cataclysm_spellbooks:extended_laser_beam has no attributes
[18Sep2025 17:23:02.818] [main/ERROR] [net.minecraft.Util/]: Entity cataclysm_spellbooks:extended_death_laser_beam has no attributes
[18Sep2025 17:23:02.818] [main/ERROR] [net.minecraft.Util/]: Entity illageandspillage:bone has no attributes
[18Sep2025 17:23:02.818] [main/ERROR] [net.minecraft.Util/]: Entity illageandspillage:axe has no attributes
[18Sep2025 17:23:02.818] [main/ERROR] [net.minecraft.Util/]: Entity cataclysm_spellbooks:extended_laser_beam has no attributes
[18Sep2025 17:23:02.819] [main/ERROR] [net.minecraft.Util/]: Entity cataclysm_spellbooks:extended_death_laser_beam has no attributes
[18Sep2025 17:23:02.819] [main/ERROR] [net.minecraft.Util/]: Entity illageandspillage:bone has no attributes
[18Sep2025 17:23:02.819] [main/ERROR] [net.minecraft.Util/]: Entity illageandspillage:axe has no attributes
[18Sep2025 17:23:02.819] [main/ERROR] [net.minecraft.Util/]: Entity cataclysm_spellbooks:extended_laser_beam has no attributes
[18Sep2025 17:23:02.821] [main/ERROR] [net.minecraft.Util/]: Entity cataclysm_spellbooks:extended_death_laser_beam has no attributes
[18Sep2025 17:23:02.821] [main/ERROR] [net.minecraft.Util/]: Entity illageandspillage:bone has no attributes
[18Sep2025 17:23:02.822] [main/ERROR] [net.minecraft.Util/]: Entity illageandspillage:axe has no attributes
[18Sep2025 17:23:02.822] [main/ERROR] [net.minecraft.Util/]: Entity cataclysm_spellbooks:extended_laser_beam has no attributes
[18Sep2025 17:23:02.822] [main/ERROR] [net.minecraft.Util/]: Entity cataclysm_spellbooks:extended_death_laser_beam has no attributes
[18Sep2025 17:23:02.823] [main/ERROR] [net.minecraft.Util/]: Entity illageandspillage:bone has no attributes
[18Sep2025 17:23:02.823] [main/ERROR] [net.minecraft.Util/]: Entity illageandspillage:axe has no attributes
[18Sep2025 17:23:02.824] [main/ERROR] [net.minecraft.Util/]: Entity cataclysm_spellbooks:extended_laser_beam has no attributes
[18Sep2025 17:23:02.824] [main/ERROR] [net.minecraft.Util/]: Entity cataclysm_spellbooks:extended_death_laser_beam has no attributes
[18Sep2025 17:23:02.824] [main/ERROR] [net.minecraft.Util/]: Entity illageandspillage:bone has no attributes
[18Sep2025 17:23:02.825] [main/ERROR] [net.minecraft.Util/]: Entity illageandspillage:axe has no attributes
[18Sep2025 17:23:02.825] [main/ERROR] [net.minecraft.Util/]: Entity cataclysm_spellbooks:extended_laser_beam has no attributes
[18Sep2025 17:23:02.825] [main/ERROR] [net.minecraft.Util/]: Entity cataclysm_spellbooks:extended_death_laser_beam has no attributes
[18Sep2025 17:23:02.826] [main/ERROR] [net.minecraft.Util/]: Entity illageandspillage:bone has no attributes
[18Sep2025 17:23:02.826] [main/ERROR] [net.minecraft.Util/]: Entity illageandspillage:axe has no attributes
[18Sep2025 17:23:02.827] [main/ERROR] [net.minecraft.Util/]: Entity cataclysm_spellbooks:extended_laser_beam has no attributes
[18Sep2025 17:23:02.827] [main/ERROR] [net.minecraft.Util/]: Entity cataclysm_spellbooks:extended_death_laser_beam has no attributes
[18Sep2025 17:23:02.827] [main/ERROR] [net.minecraft.Util/]: Entity illageandspillage:bone has no attributes
[18Sep2025 17:23:02.829] [main/ERROR] [net.minecraft.Util/]: Entity illageandspillage:axe has no attributes
[18Sep2025 17:23:02.829] [main/ERROR] [net.minecraft.Util/]: Entity cataclysm_spellbooks:extended_laser_beam has no attributes
[18Sep2025 17:23:02.829] [main/ERROR] [net.minecraft.Util/]: Entity cataclysm_spellbooks:extended_death_laser_beam has no attributes
[18Sep2025 17:23:02.829] [main/ERROR] [net.minecraft.Util/]: Entity illageandspillage:bone has no attributes
[18Sep2025 17:23:02.829] [main/ERROR] [net.minecraft.Util/]: Entity illageandspillage:axe has no attributes
[18Sep2025 17:23:02.829] [main/ERROR] [net.minecraft.Util/]: Entity cataclysm_spellbooks:extended_laser_beam has no attributes
[18Sep2025 17:23:02.830] [main/ERROR] [net.minecraft.Util/]: Entity cataclysm_spellbooks:extended_death_laser_beam has no attributes
[18Sep2025 17:23:02.830] [main/ERROR] [net.minecraft.Util/]: Entity illageandspillage:bone has no attributes
[18Sep2025 17:23:02.830] [main/ERROR] [net.minecraft.Util/]: Entity illageandspillage:axe has no attributes
[18Sep2025 17:23:02.830] [main/ERROR] [net.minecraft.Util/]: Entity cataclysm_spellbooks:extended_laser_beam has no attributes
[18Sep2025 17:23:02.830] [main/ERROR] [net.minecraft.Util/]: Entity cataclysm_spellbooks:extended_death_laser_beam has no attributes
[18Sep2025 17:23:02.830] [main/ERROR] [net.minecraft.Util/]: Entity illageandspillage:bone has no attributes
[18Sep2025 17:23:02.830] [main/ERROR] [net.minecraft.Util/]: Entity illageandspillage:axe has no attributes
[18Sep2025 17:23:02.830] [main/ERROR] [net.minecraft.Util/]: Entity cataclysm_spellbooks:extended_laser_beam has no attributes
[18Sep2025 17:23:02.830] [main/ERROR] [net.minecraft.Util/]: Entity cataclysm_spellbooks:extended_death_laser_beam has no attributes
[18Sep2025 17:23:02.830] [main/ERROR] [net.minecraft.Util/]: Entity illageandspillage:bone has no attributes
[18Sep2025 17:23:02.830] [main/ERROR] [net.minecraft.Util/]: Entity illageandspillage:axe has no attributes
[18Sep2025 17:23:02.831] [main/ERROR] [net.minecraft.Util/]: Entity cataclysm_spellbooks:extended_laser_beam has no attributes
[18Sep2025 17:23:02.831] [main/ERROR] [net.minecraft.Util/]: Entity cataclysm_spellbooks:extended_death_laser_beam has no attributes
[18Sep2025 17:23:02.831] [main/ERROR] [net.minecraft.Util/]: Entity illageandspillage:bone has no attributes
[18Sep2025 17:23:02.831] [main/ERROR] [net.minecraft.Util/]: Entity illageandspillage:axe has no attributes
[18Sep2025 17:23:02.831] [main/ERROR] [net.minecraft.Util/]: Entity cataclysm_spellbooks:extended_laser_beam has no attributes
[18Sep2025 17:23:02.832] [main/ERROR] [net.minecraft.Util/]: Entity cataclysm_spellbooks:extended_death_laser_beam has no attributes
[18Sep2025 17:23:02.832] [main/ERROR] [net.minecraft.Util/]: Entity illageandspillage:bone has no attributes
[18Sep2025 17:23:02.833] [main/ERROR] [net.minecraft.Util/]: Entity illageandspillage:axe has no attributes
[18Sep2025 17:23:02.833] [main/ERROR] [net.minecraft.Util/]: Entity cataclysm_spellbooks:extended_laser_beam has no attributes
[18Sep2025 17:23:02.834] [main/ERROR] [net.minecraft.Util/]: Entity cataclysm_spellbooks:extended_death_laser_beam has no attributes
[18Sep2025 17:23:02.834] [main/ERROR] [net.minecraft.Util/]: Entity illageandspillage:bone has no attributes
[18Sep2025 17:23:02.834] [main/ERROR] [net.minecraft.Util/]: Entity illageandspillage:axe has no attributes
[18Sep2025 17:23:02.834] [main/ERROR] [net.minecraft.Util/]: Entity cataclysm_spellbooks:extended_laser_beam has no attributes
[18Sep2025 17:23:02.834] [main/ERROR] [net.minecraft.Util/]: Entity cataclysm_spellbooks:extended_death_laser_beam has no attributes
[18Sep2025 17:23:02.835] [main/ERROR] [net.minecraft.Util/]: Entity illageandspillage:bone has no attributes
[18Sep2025 17:23:02.835] [main/ERROR] [net.minecraft.Util/]: Entity illageandspillage:axe has no attributes
[18Sep2025 17:23:02.835] [main/ERROR] [net.minecraft.Util/]: Entity cataclysm_spellbooks:extended_laser_beam has no attributes
[18Sep2025 17:23:02.835] [main/ERROR] [net.minecraft.Util/]: Entity cataclysm_spellbooks:extended_death_laser_beam has no attributes
[18Sep2025 17:23:02.836] [main/ERROR] [net.minecraft.Util/]: Entity illageandspillage:bone has no attributes
[18Sep2025 17:23:02.836] [main/ERROR] [net.minecraft.Util/]: Entity illageandspillage:axe has no attributes
[18Sep2025 17:23:02.836] [main/ERROR] [net.minecraft.Util/]: Entity cataclysm_spellbooks:extended_laser_beam has no attributes
[18Sep2025 17:23:02.836] [main/ERROR] [net.minecraft.Util/]: Entity cataclysm_spellbooks:extended_death_laser_beam has no attributes
[18Sep2025 17:23:02.836] [main/ERROR] [net.minecraft.Util/]: Entity illageandspillage:bone has no attributes
[18Sep2025 17:23:02.837] [main/ERROR] [net.minecraft.Util/]: Entity illageandspillage:axe has no attributes
[18Sep2025 17:23:02.837] [main/ERROR] [net.minecraft.Util/]: Entity cataclysm_spellbooks:extended_laser_beam has no attributes
[18Sep2025 17:23:02.837] [main/ERROR] [net.minecraft.Util/]: Entity cataclysm_spellbooks:extended_death_laser_beam has no attributes
[18Sep2025 17:23:02.837] [main/ERROR] [net.minecraft.Util/]: Entity illageandspillage:bone has no attributes
[18Sep2025 17:23:02.837] [main/ERROR] [net.minecraft.Util/]: Entity illageandspillage:axe has no attributes
[18Sep2025 17:23:02.838] [main/ERROR] [net.minecraft.Util/]: Entity cataclysm_spellbooks:extended_laser_beam has no attributes
[18Sep2025 17:23:02.838] [main/ERROR] [net.minecraft.Util/]: Entity cataclysm_spellbooks:extended_death_laser_beam has no attributes
[18Sep2025 17:23:02.838] [main/ERROR] [net.minecraft.Util/]: Entity illageandspillage:bone has no attributes
[18Sep2025 17:23:02.839] [main/ERROR] [net.minecraft.Util/]: Entity illageandspillage:axe has no attributes
[18Sep2025 17:23:02.839] [main/ERROR] [net.minecraft.Util/]: Entity cataclysm_spellbooks:extended_laser_beam has no attributes
[18Sep2025 17:23:02.839] [main/ERROR] [net.minecraft.Util/]: Entity cataclysm_spellbooks:extended_death_laser_beam has no attributes
[18Sep2025 17:23:02.839] [main/ERROR] [net.minecraft.Util/]: Entity illageandspillage:bone has no attributes
[18Sep2025 17:23:02.840] [main/ERROR] [net.minecraft.Util/]: Entity illageandspillage:axe has no attributes
[18Sep2025 17:23:02.840] [main/ERROR] [net.minecraft.Util/]: Entity cataclysm_spellbooks:extended_laser_beam has no attributes
[18Sep2025 17:23:02.840] [main/ERROR] [net.minecraft.Util/]: Entity cataclysm_spellbooks:extended_death_laser_beam has no attributes
[18Sep2025 17:23:02.840] [main/ERROR] [net.minecraft.Util/]: Entity illageandspillage:bone has no attributes
[18Sep2025 17:23:02.840] [main/ERROR] [net.minecraft.Util/]: Entity illageandspillage:axe has no attributes
[18Sep2025 17:23:02.841] [main/ERROR] [net.minecraft.Util/]: Entity cataclysm_spellbooks:extended_laser_beam has no attributes
[18Sep2025 17:23:02.841] [main/ERROR] [net.minecraft.Util/]: Entity cataclysm_spellbooks:extended_death_laser_beam has no attributes
[18Sep2025 17:23:02.841] [main/ERROR] [net.minecraft.Util/]: Entity illageandspillage:bone has no attributes
[18Sep2025 17:23:02.841] [main/ERROR] [net.minecraft.Util/]: Entity illageandspillage:axe has no attributes
[18Sep2025 17:23:02.841] [main/ERROR] [net.minecraft.Util/]: Entity cataclysm_spellbooks:extended_laser_beam has no attributes
[18Sep2025 17:23:02.841] [main/ERROR] [net.minecraft.Util/]: Entity cataclysm_spellbooks:extended_death_laser_beam has no attributes
[18Sep2025 17:23:02.841] [main/ERROR] [net.minecraft.Util/]: Entity illageandspillage:bone has no attributes
[18Sep2025 17:23:02.841] [main/ERROR] [net.minecraft.Util/]: Entity illageandspillage:axe has no attributes
[18Sep2025 17:23:02.841] [main/ERROR] [net.minecraft.Util/]: Entity cataclysm_spellbooks:extended_laser_beam has no attributes
[18Sep2025 17:23:02.841] [main/ERROR] [net.minecraft.Util/]: Entity cataclysm_spellbooks:extended_death_laser_beam has no attributes
[18Sep2025 17:23:02.842] [main/ERROR] [net.minecraft.Util/]: Entity illageandspillage:bone has no attributes
[18Sep2025 17:23:02.842] [main/ERROR] [net.minecraft.Util/]: Entity illageandspillage:axe has no attributes
[18Sep2025 17:23:02.842] [main/ERROR] [net.minecraft.Util/]: Entity cataclysm_spellbooks:extended_laser_beam has no attributes
[18Sep2025 17:23:02.842] [main/ERROR] [net.minecraft.Util/]: Entity cataclysm_spellbooks:extended_death_laser_beam has no attributes
[18Sep2025 17:23:02.842] [main/ERROR] [net.minecraft.Util/]: Entity illageandspillage:bone has no attributes
[18Sep2025 17:23:02.842] [main/ERROR] [net.minecraft.Util/]: Entity illageandspillage:axe has no attributes
[18Sep2025 17:23:02.842] [main/ERROR] [net.minecraft.Util/]: Entity cataclysm_spellbooks:extended_laser_beam has no attributes
[18Sep2025 17:23:02.842] [main/ERROR] [net.minecraft.Util/]: Entity cataclysm_spellbooks:extended_death_laser_beam has no attributes
[18Sep2025 17:23:02.842] [main/ERROR] [net.minecraft.Util/]: Entity illageandspillage:bone has no attributes
[18Sep2025 17:23:02.842] [main/ERROR] [net.minecraft.Util/]: Entity illageandspillage:axe has no attributes
[18Sep2025 17:23:02.843] [main/ERROR] [net.minecraft.Util/]: Entity cataclysm_spellbooks:extended_laser_beam has no attributes
[18Sep2025 17:23:02.843] [main/ERROR] [net.minecraft.Util/]: Entity cataclysm_spellbooks:extended_death_laser_beam has no attributes
[18Sep2025 17:23:02.843] [main/ERROR] [net.minecraft.Util/]: Entity illageandspillage:bone has no attributes
[18Sep2025 17:23:02.843] [main/ERROR] [net.minecraft.Util/]: Entity illageandspillage:axe has no attributes
[18Sep2025 17:23:02.843] [main/ERROR] [net.minecraft.Util/]: Entity cataclysm_spellbooks:extended_laser_beam has no attributes
[18Sep2025 17:23:02.843] [main/ERROR] [net.minecraft.Util/]: Entity cataclysm_spellbooks:extended_death_laser_beam has no attributes
[18Sep2025 17:23:02.843] [main/ERROR] [net.minecraft.Util/]: Entity illageandspillage:bone has no attributes
[18Sep2025 17:23:02.843] [main/ERROR] [net.minecraft.Util/]: Entity illageandspillage:axe has no attributes
[18Sep2025 17:23:02.844] [main/ERROR] [net.minecraft.Util/]: Entity cataclysm_spellbooks:extended_laser_beam has no attributes
[18Sep2025 17:23:02.844] [main/ERROR] [net.minecraft.Util/]: Entity cataclysm_spellbooks:extended_death_laser_beam has no attributes
[18Sep2025 17:23:02.844] [main/ERROR] [net.minecraft.Util/]: Entity illageandspillage:bone has no attributes
[18Sep2025 17:23:02.844] [main/ERROR] [net.minecraft.Util/]: Entity illageandspillage:axe has no attributes
[18Sep2025 17:23:02.844] [main/ERROR] [net.minecraft.Util/]: Entity cataclysm_spellbooks:extended_laser_beam has no attributes
[18Sep2025 17:23:02.844] [main/ERROR] [net.minecraft.Util/]: Entity cataclysm_spellbooks:extended_death_laser_beam has no attributes
[18Sep2025 17:23:02.845] [main/ERROR] [net.minecraft.Util/]: Entity illageandspillage:bone has no attributes
[18Sep2025 17:23:02.845] [main/ERROR] [net.minecraft.Util/]: Entity illageandspillage:axe has no attributes
[18Sep2025 17:23:02.845] [main/ERROR] [net.minecraft.Util/]: Entity cataclysm_spellbooks:extended_laser_beam has no attributes
[18Sep2025 17:23:02.845] [main/ERROR] [net.minecraft.Util/]: Entity cataclysm_spellbooks:extended_death_laser_beam has no attributes
[18Sep2025 17:23:02.846] [main/ERROR] [net.minecraft.Util/]: Entity illageandspillage:bone has no attributes
[18Sep2025 17:23:02.846] [main/ERROR] [net.minecraft.Util/]: Entity illageandspillage:axe has no attributes
[18Sep2025 17:23:02.846] [main/ERROR] [net.minecraft.Util/]: Entity cataclysm_spellbooks:extended_laser_beam has no attributes
[18Sep2025 17:23:02.846] [main/ERROR] [net.minecraft.Util/]: Entity cataclysm_spellbooks:extended_death_laser_beam has no attributes
[18Sep2025 17:23:02.846] [main/ERROR] [net.minecraft.Util/]: Entity illageandspillage:bone has no attributes
[18Sep2025 17:23:02.847] [main/ERROR] [net.minecraft.Util/]: Entity illageandspillage:axe has no attributes
[18Sep2025 17:23:02.847] [main/ERROR] [net.minecraft.Util/]: Entity cataclysm_spellbooks:extended_laser_beam has no attributes
[18Sep2025 17:23:02.847] [main/ERROR] [net.minecraft.Util/]: Entity cataclysm_spellbooks:extended_death_laser_beam has no attributes
[18Sep2025 17:23:02.847] [main/ERROR] [net.minecraft.Util/]: Entity illageandspillage:bone has no attributes
[18Sep2025 17:23:02.847] [main/ERROR] [net.minecraft.Util/]: Entity illageandspillage:axe has no attributes
[18Sep2025 17:23:02.848] [main/ERROR] [net.minecraft.Util/]: Entity cataclysm_spellbooks:extended_laser_beam has no attributes
[18Sep2025 17:23:02.848] [main/ERROR] [net.minecraft.Util/]: Entity cataclysm_spellbooks:extended_death_laser_beam has no attributes
[18Sep2025 17:23:02.848] [main/ERROR] [net.minecraft.Util/]: Entity illageandspillage:bone has no attributes
[18Sep2025 17:23:02.848] [main/ERROR] [net.minecraft.Util/]: Entity illageandspillage:axe has no attributes
[18Sep2025 17:23:02.849] [main/ERROR] [net.minecraft.Util/]: Entity cataclysm_spellbooks:extended_laser_beam has no attributes
[18Sep2025 17:23:02.849] [main/ERROR] [net.minecraft.Util/]: Entity cataclysm_spellbooks:extended_death_laser_beam has no attributes
[18Sep2025 17:23:02.849] [main/ERROR] [net.minecraft.Util/]: Entity illageandspillage:bone has no attributes
[18Sep2025 17:23:02.849] [main/ERROR] [net.minecraft.Util/]: Entity illageandspillage:axe has no attributes
[18Sep2025 17:23:02.849] [main/ERROR] [net.minecraft.Util/]: Entity cataclysm_spellbooks:extended_laser_beam has no attributes
[18Sep2025 17:23:02.849] [main/ERROR] [net.minecraft.Util/]: Entity cataclysm_spellbooks:extended_death_laser_beam has no attributes
[18Sep2025 17:23:02.850] [main/ERROR] [net.minecraft.Util/]: Entity illageandspillage:bone has no attributes
[18Sep2025 17:23:02.850] [main/ERROR] [net.minecraft.Util/]: Entity illageandspillage:axe has no attributes
[18Sep2025 17:23:02.850] [main/ERROR] [net.minecraft.Util/]: Entity cataclysm_spellbooks:extended_laser_beam has no attributes
[18Sep2025 17:23:02.850] [main/ERROR] [net.minecraft.Util/]: Entity cataclysm_spellbooks:extended_death_laser_beam has no attributes
[18Sep2025 17:23:02.850] [main/ERROR] [net.minecraft.Util/]: Entity illageandspillage:bone has no attributes
[18Sep2025 17:23:02.851] [main/ERROR] [net.minecraft.Util/]: Entity illageandspillage:axe has no attributes
[18Sep2025 17:23:02.851] [main/ERROR] [net.minecraft.Util/]: Entity cataclysm_spellbooks:extended_laser_beam has no attributes
[18Sep2025 17:23:02.851] [main/ERROR] [net.minecraft.Util/]: Entity cataclysm_spellbooks:extended_death_laser_beam has no attributes
[18Sep2025 17:23:02.851] [main/ERROR] [net.minecraft.Util/]: Entity illageandspillage:bone has no attributes
[18Sep2025 17:23:02.851] [main/ERROR] [net.minecraft.Util/]: Entity illageandspillage:axe has no attributes
[18Sep2025 17:23:02.852] [main/ERROR] [net.minecraft.Util/]: Entity cataclysm_spellbooks:extended_laser_beam has no attributes
[18Sep2025 17:23:02.852] [main/ERROR] [net.minecraft.Util/]: Entity cataclysm_spellbooks:extended_death_laser_beam has no attributes
[18Sep2025 17:23:02.852] [main/ERROR] [net.minecraft.Util/]: Entity illageandspillage:bone has no attributes
[18Sep2025 17:23:02.852] [main/ERROR] [net.minecraft.Util/]: Entity illageandspillage:axe has no attributes
[18Sep2025 17:23:02.899] [Forge Version Check/INFO] [net.minecraftforge.fml.VersionChecker/]: [soul_fire_d] Found status: UP_TO_DATE Current: 4.0.11 Target: null
[18Sep2025 17:23:02.899] [Forge Version Check/INFO] [net.minecraftforge.fml.VersionChecker/]: [bookshelf] Starting version check at https://updates.blamejared.com/get?n=bookshelf&gv=1.20.1
[18Sep2025 17:23:02.996] [Forge Version Check/INFO] [net.minecraftforge.fml.VersionChecker/]: [bookshelf] Found status: BETA Current: 20.2.13 Target: 20.2.13
[18Sep2025 17:23:02.997] [Forge Version Check/INFO] [net.minecraftforge.fml.VersionChecker/]: [camera] Starting version check at https://update.maxhenkel.de/forge/camera
[18Sep2025 17:23:03.421] [main/INFO] [com.mojang.authlib.yggdrasil.YggdrasilAuthenticationService/]: Environment: authHost='https://authserver.mojang.com', accountsHost='https://api.mojang.com', sessionHost='https://sessionserver.mojang.com', servicesHost='https://api.minecraftservices.com', name='PROD'
[18Sep2025 17:23:03.586] [Forge Version Check/INFO] [net.minecraftforge.fml.VersionChecker/]: [camera] Found status: AHEAD Current: 1.20.1-1.0.20 Target: null
[18Sep2025 17:23:03.586] [Forge Version Check/INFO] [net.minecraftforge.fml.VersionChecker/]: [easymagic] Starting version check at https://raw.githubusercontent.com/Fuzss/modresources/main/update/easymagic.json
[18Sep2025 17:23:03.597] [Forge Version Check/INFO] [net.minecraftforge.fml.VersionChecker/]: [easymagic] Found status: UP_TO_DATE Current: 8.0.1 Target: null
[18Sep2025 17:23:03.597] [Forge Version Check/INFO] [net.minecraftforge.fml.VersionChecker/]: [obscure_api] Starting version check at https://raw.githubusercontent.com/ObscuriaLithium/Home/main/obscure_api/versions.json
[18Sep2025 17:23:03.607] [Forge Version Check/WARN] [net.minecraftforge.fml.VersionChecker/]: Failed to process update information
com.google.gson.JsonSyntaxException: java.lang.IllegalStateException: Expected BEGIN_OBJECT but was NUMBER at line 1 column 4 path $
	at com.google.gson.Gson.fromJson(Gson.java:1226) ~[gson-2.10.jar%2372!/:?]
	at com.google.gson.Gson.fromJson(Gson.java:1124) ~[gson-2.10.jar%2372!/:?]
	at com.google.gson.Gson.fromJson(Gson.java:1034) ~[gson-2.10.jar%2372!/:?]
	at com.google.gson.Gson.fromJson(Gson.java:969) ~[gson-2.10.jar%2372!/:?]
	at net.minecraftforge.fml.VersionChecker$1.process(VersionChecker.java:186) ~[fmlcore-1.20.1-47.4.0.jar%23496!/:?]
	at java.lang.Iterable.forEach(Iterable.java:75) ~[?:?]
	at net.minecraftforge.fml.VersionChecker$1.run(VersionChecker.java:117) ~[fmlcore-1.20.1-47.4.0.jar%23496!/:?]
Caused by: java.lang.IllegalStateException: Expected BEGIN_OBJECT but was NUMBER at line 1 column 4 path $
	at com.google.gson.stream.JsonReader.beginObject(JsonReader.java:393) ~[gson-2.10.jar%2372!/:?]
	at com.google.gson.internal.bind.MapTypeAdapterFactory$Adapter.read(MapTypeAdapterFactory.java:182) ~[gson-2.10.jar%2372!/:?]
	at com.google.gson.internal.bind.MapTypeAdapterFactory$Adapter.read(MapTypeAdapterFactory.java:144) ~[gson-2.10.jar%2372!/:?]
	at com.google.gson.Gson.fromJson(Gson.java:1214) ~[gson-2.10.jar%2372!/:?]
	... 6 more
[18Sep2025 17:23:03.607] [Forge Version Check/INFO] [net.minecraftforge.fml.VersionChecker/]: [supplementaries] Starting version check at https://raw.githubusercontent.com/MehVahdJukaar/Supplementaries/1.20/forge/update.json
[18Sep2025 17:23:03.617] [Forge Version Check/INFO] [net.minecraftforge.fml.VersionChecker/]: [supplementaries] Found status: BETA Current: 1.20-3.1.36 Target: null
[18Sep2025 17:23:03.617] [Forge Version Check/INFO] [net.minecraftforge.fml.VersionChecker/]: [clumps] Starting version check at https://updates.blamejared.com/get?n=clumps&gv=1.20.1
[18Sep2025 17:23:03.692] [main/ERROR] [net.minecraft.Util/]: Entity cataclysm_spellbooks:extended_laser_beam has no attributes
[18Sep2025 17:23:03.692] [main/ERROR] [net.minecraft.Util/]: Entity cataclysm_spellbooks:extended_death_laser_beam has no attributes
[18Sep2025 17:23:03.692] [main/ERROR] [net.minecraft.Util/]: Entity illageandspillage:bone has no attributes
[18Sep2025 17:23:03.692] [main/ERROR] [net.minecraft.Util/]: Entity illageandspillage:axe has no attributes
[18Sep2025 17:23:03.692] [main/ERROR] [net.minecraft.Util/]: Entity cataclysm_spellbooks:extended_laser_beam has no attributes
[18Sep2025 17:23:03.693] [main/ERROR] [net.minecraft.Util/]: Entity cataclysm_spellbooks:extended_death_laser_beam has no attributes
[18Sep2025 17:23:03.693] [main/ERROR] [net.minecraft.Util/]: Entity illageandspillage:bone has no attributes
[18Sep2025 17:23:03.693] [main/ERROR] [net.minecraft.Util/]: Entity illageandspillage:axe has no attributes
[18Sep2025 17:23:03.693] [main/ERROR] [net.minecraft.Util/]: Entity cataclysm_spellbooks:extended_laser_beam has no attributes
[18Sep2025 17:23:03.693] [main/ERROR] [net.minecraft.Util/]: Entity cataclysm_spellbooks:extended_death_laser_beam has no attributes
[18Sep2025 17:23:03.693] [main/ERROR] [net.minecraft.Util/]: Entity illageandspillage:bone has no attributes
[18Sep2025 17:23:03.693] [main/ERROR] [net.minecraft.Util/]: Entity illageandspillage:axe has no attributes
[18Sep2025 17:23:03.693] [main/ERROR] [net.minecraft.Util/]: Entity cataclysm_spellbooks:extended_laser_beam has no attributes
[18Sep2025 17:23:03.693] [main/ERROR] [net.minecraft.Util/]: Entity cataclysm_spellbooks:extended_death_laser_beam has no attributes
[18Sep2025 17:23:03.693] [main/ERROR] [net.minecraft.Util/]: Entity illageandspillage:bone has no attributes
[18Sep2025 17:23:03.694] [main/ERROR] [net.minecraft.Util/]: Entity illageandspillage:axe has no attributes
[18Sep2025 17:23:03.694] [main/ERROR] [net.minecraft.Util/]: Entity cataclysm_spellbooks:extended_laser_beam has no attributes
[18Sep2025 17:23:03.694] [main/ERROR] [net.minecraft.Util/]: Entity cataclysm_spellbooks:extended_death_laser_beam has no attributes
[18Sep2025 17:23:03.694] [main/ERROR] [net.minecraft.Util/]: Entity illageandspillage:bone has no attributes
[18Sep2025 17:23:03.694] [main/ERROR] [net.minecraft.Util/]: Entity illageandspillage:axe has no attributes
[18Sep2025 17:23:03.694] [main/ERROR] [net.minecraft.Util/]: Entity cataclysm_spellbooks:extended_laser_beam has no attributes
[18Sep2025 17:23:03.694] [main/ERROR] [net.minecraft.Util/]: Entity cataclysm_spellbooks:extended_death_laser_beam has no attributes
[18Sep2025 17:23:03.694] [main/ERROR] [net.minecraft.Util/]: Entity illageandspillage:bone has no attributes
[18Sep2025 17:23:03.695] [main/ERROR] [net.minecraft.Util/]: Entity illageandspillage:axe has no attributes
[18Sep2025 17:23:03.695] [main/ERROR] [net.minecraft.Util/]: Entity cataclysm_spellbooks:extended_laser_beam has no attributes
[18Sep2025 17:23:03.695] [main/ERROR] [net.minecraft.Util/]: Entity cataclysm_spellbooks:extended_death_laser_beam has no attributes
[18Sep2025 17:23:03.695] [main/ERROR] [net.minecraft.Util/]: Entity illageandspillage:bone has no attributes
[18Sep2025 17:23:03.695] [main/ERROR] [net.minecraft.Util/]: Entity illageandspillage:axe has no attributes
[18Sep2025 17:23:03.695] [main/ERROR] [net.minecraft.Util/]: Entity cataclysm_spellbooks:extended_laser_beam has no attributes
[18Sep2025 17:23:03.696] [main/ERROR] [net.minecraft.Util/]: Entity cataclysm_spellbooks:extended_death_laser_beam has no attributes
[18Sep2025 17:23:03.696] [main/ERROR] [net.minecraft.Util/]: Entity illageandspillage:bone has no attributes
[18Sep2025 17:23:03.696] [main/ERROR] [net.minecraft.Util/]: Entity illageandspillage:axe has no attributes
[18Sep2025 17:23:03.696] [main/ERROR] [net.minecraft.Util/]: Entity cataclysm_spellbooks:extended_laser_beam has no attributes
[18Sep2025 17:23:03.696] [main/ERROR] [net.minecraft.Util/]: Entity cataclysm_spellbooks:extended_death_laser_beam has no attributes
[18Sep2025 17:23:03.696] [main/ERROR] [net.minecraft.Util/]: Entity illageandspillage:bone has no attributes
[18Sep2025 17:23:03.696] [main/ERROR] [net.minecraft.Util/]: Entity illageandspillage:axe has no attributes
[18Sep2025 17:23:03.696] [main/ERROR] [net.minecraft.Util/]: Entity cataclysm_spellbooks:extended_laser_beam has no attributes
[18Sep2025 17:23:03.696] [main/ERROR] [net.minecraft.Util/]: Entity cataclysm_spellbooks:extended_death_laser_beam has no attributes
[18Sep2025 17:23:03.697] [main/ERROR] [net.minecraft.Util/]: Entity illageandspillage:bone has no attributes
[18Sep2025 17:23:03.697] [main/ERROR] [net.minecraft.Util/]: Entity illageandspillage:axe has no attributes
[18Sep2025 17:23:03.697] [main/ERROR] [net.minecraft.Util/]: Entity cataclysm_spellbooks:extended_laser_beam has no attributes
[18Sep2025 17:23:03.697] [main/ERROR] [net.minecraft.Util/]: Entity cataclysm_spellbooks:extended_death_laser_beam has no attributes
[18Sep2025 17:23:03.697] [main/ERROR] [net.minecraft.Util/]: Entity illageandspillage:bone has no attributes
[18Sep2025 17:23:03.697] [main/ERROR] [net.minecraft.Util/]: Entity illageandspillage:axe has no attributes
[18Sep2025 17:23:03.697] [main/ERROR] [net.minecraft.Util/]: Entity cataclysm_spellbooks:extended_laser_beam has no attributes
[18Sep2025 17:23:03.697] [main/ERROR] [net.minecraft.Util/]: Entity cataclysm_spellbooks:extended_death_laser_beam has no attributes
[18Sep2025 17:23:03.697] [main/ERROR] [net.minecraft.Util/]: Entity illageandspillage:bone has no attributes
[18Sep2025 17:23:03.697] [main/ERROR] [net.minecraft.Util/]: Entity illageandspillage:axe has no attributes
[18Sep2025 17:23:03.698] [main/ERROR] [net.minecraft.Util/]: Entity cataclysm_spellbooks:extended_laser_beam has no attributes
[18Sep2025 17:23:03.698] [main/ERROR] [net.minecraft.Util/]: Entity cataclysm_spellbooks:extended_death_laser_beam has no attributes
[18Sep2025 17:23:03.698] [main/ERROR] [net.minecraft.Util/]: Entity illageandspillage:bone has no attributes
[18Sep2025 17:23:03.698] [main/ERROR] [net.minecraft.Util/]: Entity illageandspillage:axe has no attributes
[18Sep2025 17:23:03.698] [main/ERROR] [net.minecraft.Util/]: Entity cataclysm_spellbooks:extended_laser_beam has no attributes
[18Sep2025 17:23:03.699] [main/ERROR] [net.minecraft.Util/]: Entity cataclysm_spellbooks:extended_death_laser_beam has no attributes
[18Sep2025 17:23:03.699] [main/ERROR] [net.minecraft.Util/]: Entity illageandspillage:bone has no attributes
[18Sep2025 17:23:03.699] [main/ERROR] [net.minecraft.Util/]: Entity illageandspillage:axe has no attributes
[18Sep2025 17:23:03.699] [main/ERROR] [net.minecraft.Util/]: Entity cataclysm_spellbooks:extended_laser_beam has no attributes
[18Sep2025 17:23:03.699] [main/ERROR] [net.minecraft.Util/]: Entity cataclysm_spellbooks:extended_death_laser_beam has no attributes
[18Sep2025 17:23:03.699] [main/ERROR] [net.minecraft.Util/]: Entity illageandspillage:bone has no attributes
[18Sep2025 17:23:03.699] [main/ERROR] [net.minecraft.Util/]: Entity illageandspillage:axe has no attributes
[18Sep2025 17:23:03.699] [main/ERROR] [net.minecraft.Util/]: Entity cataclysm_spellbooks:extended_laser_beam has no attributes
[18Sep2025 17:23:03.700] [main/ERROR] [net.minecraft.Util/]: Entity cataclysm_spellbooks:extended_death_laser_beam has no attributes
[18Sep2025 17:23:03.700] [main/ERROR] [net.minecraft.Util/]: Entity illageandspillage:bone has no attributes
[18Sep2025 17:23:03.700] [main/ERROR] [net.minecraft.Util/]: Entity illageandspillage:axe has no attributes
[18Sep2025 17:23:03.700] [main/ERROR] [net.minecraft.Util/]: Entity cataclysm_spellbooks:extended_laser_beam has no attributes
[18Sep2025 17:23:03.700] [main/ERROR] [net.minecraft.Util/]: Entity cataclysm_spellbooks:extended_death_laser_beam has no attributes
[18Sep2025 17:23:03.700] [main/ERROR] [net.minecraft.Util/]: Entity illageandspillage:bone has no attributes
[18Sep2025 17:23:03.700] [main/ERROR] [net.minecraft.Util/]: Entity illageandspillage:axe has no attributes
[18Sep2025 17:23:03.700] [main/ERROR] [net.minecraft.Util/]: Entity cataclysm_spellbooks:extended_laser_beam has no attributes
[18Sep2025 17:23:03.700] [main/ERROR] [net.minecraft.Util/]: Entity cataclysm_spellbooks:extended_death_laser_beam has no attributes
[18Sep2025 17:23:03.700] [main/ERROR] [net.minecraft.Util/]: Entity illageandspillage:bone has no attributes
[18Sep2025 17:23:03.700] [main/ERROR] [net.minecraft.Util/]: Entity illageandspillage:axe has no attributes
[18Sep2025 17:23:03.701] [main/ERROR] [net.minecraft.Util/]: Entity cataclysm_spellbooks:extended_laser_beam has no attributes
[18Sep2025 17:23:03.701] [main/ERROR] [net.minecraft.Util/]: Entity cataclysm_spellbooks:extended_death_laser_beam has no attributes
[18Sep2025 17:23:03.701] [main/ERROR] [net.minecraft.Util/]: Entity illageandspillage:bone has no attributes
[18Sep2025 17:23:03.701] [main/ERROR] [net.minecraft.Util/]: Entity illageandspillage:axe has no attributes
[18Sep2025 17:23:03.701] [main/ERROR] [net.minecraft.Util/]: Entity cataclysm_spellbooks:extended_laser_beam has no attributes
[18Sep2025 17:23:03.701] [main/ERROR] [net.minecraft.Util/]: Entity cataclysm_spellbooks:extended_death_laser_beam has no attributes
[18Sep2025 17:23:03.701] [main/ERROR] [net.minecraft.Util/]: Entity illageandspillage:bone has no attributes
[18Sep2025 17:23:03.701] [main/ERROR] [net.minecraft.Util/]: Entity illageandspillage:axe has no attributes
[18Sep2025 17:23:03.701] [main/ERROR] [net.minecraft.Util/]: Entity cataclysm_spellbooks:extended_laser_beam has no attributes
[18Sep2025 17:23:03.702] [main/ERROR] [net.minecraft.Util/]: Entity cataclysm_spellbooks:extended_death_laser_beam has no attributes
[18Sep2025 17:23:03.702] [main/ERROR] [net.minecraft.Util/]: Entity illageandspillage:bone has no attributes
[18Sep2025 17:23:03.702] [main/ERROR] [net.minecraft.Util/]: Entity illageandspillage:axe has no attributes
[18Sep2025 17:23:03.702] [main/ERROR] [net.minecraft.Util/]: Entity cataclysm_spellbooks:extended_laser_beam has no attributes
[18Sep2025 17:23:03.702] [main/ERROR] [net.minecraft.Util/]: Entity cataclysm_spellbooks:extended_death_laser_beam has no attributes
[18Sep2025 17:23:03.702] [main/ERROR] [net.minecraft.Util/]: Entity illageandspillage:bone has no attributes
[18Sep2025 17:23:03.702] [main/ERROR] [net.minecraft.Util/]: Entity illageandspillage:axe has no attributes
[18Sep2025 17:23:03.702] [main/ERROR] [net.minecraft.Util/]: Entity cataclysm_spellbooks:extended_laser_beam has no attributes
[18Sep2025 17:23:03.702] [main/ERROR] [net.minecraft.Util/]: Entity cataclysm_spellbooks:extended_death_laser_beam has no attributes
[18Sep2025 17:23:03.702] [main/ERROR] [net.minecraft.Util/]: Entity illageandspillage:bone has no attributes
[18Sep2025 17:23:03.703] [main/ERROR] [net.minecraft.Util/]: Entity illageandspillage:axe has no attributes
[18Sep2025 17:23:03.703] [main/ERROR] [net.minecraft.Util/]: Entity cataclysm_spellbooks:extended_laser_beam has no attributes
[18Sep2025 17:23:03.703] [main/ERROR] [net.minecraft.Util/]: Entity cataclysm_spellbooks:extended_death_laser_beam has no attributes
[18Sep2025 17:23:03.703] [main/ERROR] [net.minecraft.Util/]: Entity illageandspillage:bone has no attributes
[18Sep2025 17:23:03.703] [main/ERROR] [net.minecraft.Util/]: Entity illageandspillage:axe has no attributes
[18Sep2025 17:23:03.703] [main/ERROR] [net.minecraft.Util/]: Entity cataclysm_spellbooks:extended_laser_beam has no attributes
[18Sep2025 17:23:03.703] [main/ERROR] [net.minecraft.Util/]: Entity cataclysm_spellbooks:extended_death_laser_beam has no attributes
[18Sep2025 17:23:03.703] [main/ERROR] [net.minecraft.Util/]: Entity illageandspillage:bone has no attributes
[18Sep2025 17:23:03.704] [main/ERROR] [net.minecraft.Util/]: Entity illageandspillage:axe has no attributes
[18Sep2025 17:23:03.704] [main/ERROR] [net.minecraft.Util/]: Entity cataclysm_spellbooks:extended_laser_beam has no attributes
[18Sep2025 17:23:03.704] [main/ERROR] [net.minecraft.Util/]: Entity cataclysm_spellbooks:extended_death_laser_beam has no attributes
[18Sep2025 17:23:03.704] [main/ERROR] [net.minecraft.Util/]: Entity illageandspillage:bone has no attributes
[18Sep2025 17:23:03.704] [main/ERROR] [net.minecraft.Util/]: Entity illageandspillage:axe has no attributes
[18Sep2025 17:23:03.704] [main/ERROR] [net.minecraft.Util/]: Entity cataclysm_spellbooks:extended_laser_beam has no attributes
[18Sep2025 17:23:03.704] [main/ERROR] [net.minecraft.Util/]: Entity cataclysm_spellbooks:extended_death_laser_beam has no attributes
[18Sep2025 17:23:03.705] [main/ERROR] [net.minecraft.Util/]: Entity illageandspillage:bone has no attributes
[18Sep2025 17:23:03.705] [main/ERROR] [net.minecraft.Util/]: Entity illageandspillage:axe has no attributes
[18Sep2025 17:23:03.705] [main/ERROR] [net.minecraft.Util/]: Entity cataclysm_spellbooks:extended_laser_beam has no attributes
[18Sep2025 17:23:03.706] [main/ERROR] [net.minecraft.Util/]: Entity cataclysm_spellbooks:extended_death_laser_beam has no attributes
[18Sep2025 17:23:03.706] [main/ERROR] [net.minecraft.Util/]: Entity illageandspillage:bone has no attributes
[18Sep2025 17:23:03.706] [main/ERROR] [net.minecraft.Util/]: Entity illageandspillage:axe has no attributes
[18Sep2025 17:23:03.707] [main/ERROR] [net.minecraft.Util/]: Entity cataclysm_spellbooks:extended_laser_beam has no attributes
[18Sep2025 17:23:03.707] [main/ERROR] [net.minecraft.Util/]: Entity cataclysm_spellbooks:extended_death_laser_beam has no attributes
[18Sep2025 17:23:03.707] [main/ERROR] [net.minecraft.Util/]: Entity illageandspillage:bone has no attributes
[18Sep2025 17:23:03.707] [main/ERROR] [net.minecraft.Util/]: Entity illageandspillage:axe has no attributes
[18Sep2025 17:23:03.707] [main/ERROR] [net.minecraft.Util/]: Entity cataclysm_spellbooks:extended_laser_beam has no attributes
[18Sep2025 17:23:03.708] [main/ERROR] [net.minecraft.Util/]: Entity cataclysm_spellbooks:extended_death_laser_beam has no attributes
[18Sep2025 17:23:03.708] [main/ERROR] [net.minecraft.Util/]: Entity illageandspillage:bone has no attributes
[18Sep2025 17:23:03.708] [main/ERROR] [net.minecraft.Util/]: Entity illageandspillage:axe has no attributes
[18Sep2025 17:23:03.708] [main/ERROR] [net.minecraft.Util/]: Entity cataclysm_spellbooks:extended_laser_beam has no attributes
[18Sep2025 17:23:03.708] [main/ERROR] [net.minecraft.Util/]: Entity cataclysm_spellbooks:extended_death_laser_beam has no attributes
[18Sep2025 17:23:03.708] [main/ERROR] [net.minecraft.Util/]: Entity illageandspillage:bone has no attributes
[18Sep2025 17:23:03.709] [main/ERROR] [net.minecraft.Util/]: Entity illageandspillage:axe has no attributes
[18Sep2025 17:23:03.709] [main/ERROR] [net.minecraft.Util/]: Entity cataclysm_spellbooks:extended_laser_beam has no attributes
[18Sep2025 17:23:03.709] [main/ERROR] [net.minecraft.Util/]: Entity cataclysm_spellbooks:extended_death_laser_beam has no attributes
[18Sep2025 17:23:03.709] [main/ERROR] [net.minecraft.Util/]: Entity illageandspillage:bone has no attributes
[18Sep2025 17:23:03.709] [main/ERROR] [net.minecraft.Util/]: Entity illageandspillage:axe has no attributes
[18Sep2025 17:23:03.710] [main/ERROR] [net.minecraft.Util/]: Entity cataclysm_spellbooks:extended_laser_beam has no attributes
[18Sep2025 17:23:03.710] [main/ERROR] [net.minecraft.Util/]: Entity cataclysm_spellbooks:extended_death_laser_beam has no attributes
[18Sep2025 17:23:03.710] [main/ERROR] [net.minecraft.Util/]: Entity illageandspillage:bone has no attributes
[18Sep2025 17:23:03.710] [main/ERROR] [net.minecraft.Util/]: Entity illageandspillage:axe has no attributes
[18Sep2025 17:23:03.710] [main/ERROR] [net.minecraft.Util/]: Entity cataclysm_spellbooks:extended_laser_beam has no attributes
[18Sep2025 17:23:03.710] [main/ERROR] [net.minecraft.Util/]: Entity cataclysm_spellbooks:extended_death_laser_beam has no attributes
[18Sep2025 17:23:03.710] [main/ERROR] [net.minecraft.Util/]: Entity illageandspillage:bone has no attributes
[18Sep2025 17:23:03.710] [main/ERROR] [net.minecraft.Util/]: Entity illageandspillage:axe has no attributes
[18Sep2025 17:23:03.710] [main/ERROR] [net.minecraft.Util/]: Entity cataclysm_spellbooks:extended_laser_beam has no attributes
[18Sep2025 17:23:03.710] [main/ERROR] [net.minecraft.Util/]: Entity cataclysm_spellbooks:extended_death_laser_beam has no attributes
[18Sep2025 17:23:03.710] [main/ERROR] [net.minecraft.Util/]: Entity illageandspillage:bone has no attributes
[18Sep2025 17:23:03.710] [main/ERROR] [net.minecraft.Util/]: Entity illageandspillage:axe has no attributes
[18Sep2025 17:23:03.711] [main/ERROR] [net.minecraft.Util/]: Entity cataclysm_spellbooks:extended_laser_beam has no attributes
[18Sep2025 17:23:03.711] [main/ERROR] [net.minecraft.Util/]: Entity cataclysm_spellbooks:extended_death_laser_beam has no attributes
[18Sep2025 17:23:03.711] [main/ERROR] [net.minecraft.Util/]: Entity illageandspillage:bone has no attributes
[18Sep2025 17:23:03.711] [main/ERROR] [net.minecraft.Util/]: Entity illageandspillage:axe has no attributes
[18Sep2025 17:23:03.711] [main/ERROR] [net.minecraft.Util/]: Entity cataclysm_spellbooks:extended_laser_beam has no attributes
[18Sep2025 17:23:03.711] [main/ERROR] [net.minecraft.Util/]: Entity cataclysm_spellbooks:extended_death_laser_beam has no attributes
[18Sep2025 17:23:03.711] [main/ERROR] [net.minecraft.Util/]: Entity illageandspillage:bone has no attributes
[18Sep2025 17:23:03.711] [main/ERROR] [net.minecraft.Util/]: Entity illageandspillage:axe has no attributes
[18Sep2025 17:23:03.711] [main/ERROR] [net.minecraft.Util/]: Entity cataclysm_spellbooks:extended_laser_beam has no attributes
[18Sep2025 17:23:03.711] [main/ERROR] [net.minecraft.Util/]: Entity cataclysm_spellbooks:extended_death_laser_beam has no attributes
[18Sep2025 17:23:03.711] [main/ERROR] [net.minecraft.Util/]: Entity illageandspillage:bone has no attributes
[18Sep2025 17:23:03.711] [main/ERROR] [net.minecraft.Util/]: Entity illageandspillage:axe has no attributes
[18Sep2025 17:23:03.711] [main/ERROR] [net.minecraft.Util/]: Entity cataclysm_spellbooks:extended_laser_beam has no attributes
[18Sep2025 17:23:03.712] [main/ERROR] [net.minecraft.Util/]: Entity cataclysm_spellbooks:extended_death_laser_beam has no attributes
[18Sep2025 17:23:03.712] [main/ERROR] [net.minecraft.Util/]: Entity illageandspillage:bone has no attributes
[18Sep2025 17:23:03.712] [main/ERROR] [net.minecraft.Util/]: Entity illageandspillage:axe has no attributes
[18Sep2025 17:23:03.712] [main/ERROR] [net.minecraft.Util/]: Entity cataclysm_spellbooks:extended_laser_beam has no attributes
[18Sep2025 17:23:03.712] [main/ERROR] [net.minecraft.Util/]: Entity cataclysm_spellbooks:extended_death_laser_beam has no attributes
[18Sep2025 17:23:03.712] [main/ERROR] [net.minecraft.Util/]: Entity illageandspillage:bone has no attributes
[18Sep2025 17:23:03.712] [main/ERROR] [net.minecraft.Util/]: Entity illageandspillage:axe has no attributes
[18Sep2025 17:23:03.712] [main/ERROR] [net.minecraft.Util/]: Entity cataclysm_spellbooks:extended_laser_beam has no attributes
[18Sep2025 17:23:03.712] [main/ERROR] [net.minecraft.Util/]: Entity cataclysm_spellbooks:extended_death_laser_beam has no attributes
[18Sep2025 17:23:03.712] [main/ERROR] [net.minecraft.Util/]: Entity illageandspillage:bone has no attributes
[18Sep2025 17:23:03.712] [main/ERROR] [net.minecraft.Util/]: Entity illageandspillage:axe has no attributes
[18Sep2025 17:23:03.712] [main/ERROR] [net.minecraft.Util/]: Entity cataclysm_spellbooks:extended_laser_beam has no attributes
[18Sep2025 17:23:03.712] [main/ERROR] [net.minecraft.Util/]: Entity cataclysm_spellbooks:extended_death_laser_beam has no attributes
[18Sep2025 17:23:03.713] [main/ERROR] [net.minecraft.Util/]: Entity illageandspillage:bone has no attributes
[18Sep2025 17:23:03.713] [main/ERROR] [net.minecraft.Util/]: Entity illageandspillage:axe has no attributes
[18Sep2025 17:23:03.713] [main/ERROR] [net.minecraft.Util/]: Entity cataclysm_spellbooks:extended_laser_beam has no attributes
[18Sep2025 17:23:03.713] [main/ERROR] [net.minecraft.Util/]: Entity cataclysm_spellbooks:extended_death_laser_beam has no attributes
[18Sep2025 17:23:03.713] [main/ERROR] [net.minecraft.Util/]: Entity illageandspillage:bone has no attributes
[18Sep2025 17:23:03.713] [main/ERROR] [net.minecraft.Util/]: Entity illageandspillage:axe has no attributes
[18Sep2025 17:23:03.713] [main/ERROR] [net.minecraft.Util/]: Entity cataclysm_spellbooks:extended_laser_beam has no attributes
[18Sep2025 17:23:03.713] [main/ERROR] [net.minecraft.Util/]: Entity cataclysm_spellbooks:extended_death_laser_beam has no attributes
[18Sep2025 17:23:03.713] [main/ERROR] [net.minecraft.Util/]: Entity illageandspillage:bone has no attributes
[18Sep2025 17:23:03.713] [main/ERROR] [net.minecraft.Util/]: Entity illageandspillage:axe has no attributes
[18Sep2025 17:23:03.713] [main/ERROR] [net.minecraft.Util/]: Entity cataclysm_spellbooks:extended_laser_beam has no attributes
[18Sep2025 17:23:03.713] [main/ERROR] [net.minecraft.Util/]: Entity cataclysm_spellbooks:extended_death_laser_beam has no attributes
[18Sep2025 17:23:03.713] [main/ERROR] [net.minecraft.Util/]: Entity illageandspillage:bone has no attributes
[18Sep2025 17:23:03.713] [main/ERROR] [net.minecraft.Util/]: Entity illageandspillage:axe has no attributes
[18Sep2025 17:23:03.714] [main/ERROR] [net.minecraft.Util/]: Entity cataclysm_spellbooks:extended_laser_beam has no attributes
[18Sep2025 17:23:03.714] [main/ERROR] [net.minecraft.Util/]: Entity cataclysm_spellbooks:extended_death_laser_beam has no attributes
[18Sep2025 17:23:03.714] [main/ERROR] [net.minecraft.Util/]: Entity illageandspillage:bone has no attributes
[18Sep2025 17:23:03.714] [main/ERROR] [net.minecraft.Util/]: Entity illageandspillage:axe has no attributes
[18Sep2025 17:23:03.714] [main/ERROR] [net.minecraft.Util/]: Entity cataclysm_spellbooks:extended_laser_beam has no attributes
[18Sep2025 17:23:03.714] [main/ERROR] [net.minecraft.Util/]: Entity cataclysm_spellbooks:extended_death_laser_beam has no attributes
[18Sep2025 17:23:03.714] [main/ERROR] [net.minecraft.Util/]: Entity illageandspillage:bone has no attributes
[18Sep2025 17:23:03.714] [main/ERROR] [net.minecraft.Util/]: Entity illageandspillage:axe has no attributes
[18Sep2025 17:23:03.715] [main/ERROR] [net.minecraft.Util/]: Entity cataclysm_spellbooks:extended_laser_beam has no attributes
[18Sep2025 17:23:03.715] [main/ERROR] [net.minecraft.Util/]: Entity cataclysm_spellbooks:extended_death_laser_beam has no attributes
[18Sep2025 17:23:03.715] [main/ERROR] [net.minecraft.Util/]: Entity illageandspillage:bone has no attributes
[18Sep2025 17:23:03.716] [main/ERROR] [net.minecraft.Util/]: Entity illageandspillage:axe has no attributes
[18Sep2025 17:23:03.717] [Forge Version Check/INFO] [net.minecraftforge.fml.VersionChecker/]: [clumps] Found status: BETA Current: 12.0.0.4 Target: 12.0.0.4
[18Sep2025 17:23:03.717] [main/ERROR] [net.minecraft.Util/]: Entity cataclysm_spellbooks:extended_laser_beam has no attributes
[18Sep2025 17:23:03.717] [Forge Version Check/INFO] [net.minecraftforge.fml.VersionChecker/]: [morevanillashields] Starting version check at https://raw.githubusercontent.com/Rajhab/MoreVanillaShields-UpdateChecker/main/update.json
[18Sep2025 17:23:03.717] [main/ERROR] [net.minecraft.Util/]: Entity cataclysm_spellbooks:extended_death_laser_beam has no attributes
[18Sep2025 17:23:03.718] [main/ERROR] [net.minecraft.Util/]: Entity illageandspillage:bone has no attributes
[18Sep2025 17:23:03.718] [main/ERROR] [net.minecraft.Util/]: Entity illageandspillage:axe has no attributes
[18Sep2025 17:23:03.718] [main/ERROR] [net.minecraft.Util/]: Entity cataclysm_spellbooks:extended_laser_beam has no attributes
[18Sep2025 17:23:03.719] [main/ERROR] [net.minecraft.Util/]: Entity cataclysm_spellbooks:extended_death_laser_beam has no attributes
[18Sep2025 17:23:03.719] [main/ERROR] [net.minecraft.Util/]: Entity illageandspillage:bone has no attributes
[18Sep2025 17:23:03.719] [main/ERROR] [net.minecraft.Util/]: Entity illageandspillage:axe has no attributes
[18Sep2025 17:23:03.719] [main/ERROR] [net.minecraft.Util/]: Entity cataclysm_spellbooks:extended_laser_beam has no attributes
[18Sep2025 17:23:03.720] [main/ERROR] [net.minecraft.Util/]: Entity cataclysm_spellbooks:extended_death_laser_beam has no attributes
[18Sep2025 17:23:03.720] [main/ERROR] [net.minecraft.Util/]: Entity illageandspillage:bone has no attributes
[18Sep2025 17:23:03.720] [main/ERROR] [net.minecraft.Util/]: Entity illageandspillage:axe has no attributes
[18Sep2025 17:23:03.721] [main/ERROR] [net.minecraft.Util/]: Entity cataclysm_spellbooks:extended_laser_beam has no attributes
[18Sep2025 17:23:03.721] [main/ERROR] [net.minecraft.Util/]: Entity cataclysm_spellbooks:extended_death_laser_beam has no attributes
[18Sep2025 17:23:03.721] [main/ERROR] [net.minecraft.Util/]: Entity illageandspillage:bone has no attributes
[18Sep2025 17:23:03.721] [main/ERROR] [net.minecraft.Util/]: Entity illageandspillage:axe has no attributes
[18Sep2025 17:23:03.721] [main/ERROR] [net.minecraft.Util/]: Entity cataclysm_spellbooks:extended_laser_beam has no attributes
[18Sep2025 17:23:03.721] [main/ERROR] [net.minecraft.Util/]: Entity cataclysm_spellbooks:extended_death_laser_beam has no attributes
[18Sep2025 17:23:03.721] [main/ERROR] [net.minecraft.Util/]: Entity illageandspillage:bone has no attributes
[18Sep2025 17:23:03.721] [main/ERROR] [net.minecraft.Util/]: Entity illageandspillage:axe has no attributes
[18Sep2025 17:23:03.722] [main/ERROR] [net.minecraft.Util/]: Entity cataclysm_spellbooks:extended_laser_beam has no attributes
[18Sep2025 17:23:03.722] [main/ERROR] [net.minecraft.Util/]: Entity cataclysm_spellbooks:extended_death_laser_beam has no attributes
[18Sep2025 17:23:03.722] [main/ERROR] [net.minecraft.Util/]: Entity illageandspillage:bone has no attributes
[18Sep2025 17:23:03.722] [main/ERROR] [net.minecraft.Util/]: Entity illageandspillage:axe has no attributes
[18Sep2025 17:23:03.722] [main/ERROR] [net.minecraft.Util/]: Entity cataclysm_spellbooks:extended_laser_beam has no attributes
[18Sep2025 17:23:03.722] [main/ERROR] [net.minecraft.Util/]: Entity cataclysm_spellbooks:extended_death_laser_beam has no attributes
[18Sep2025 17:23:03.722] [main/ERROR] [net.minecraft.Util/]: Entity illageandspillage:bone has no attributes
[18Sep2025 17:23:03.722] [main/ERROR] [net.minecraft.Util/]: Entity illageandspillage:axe has no attributes
[18Sep2025 17:23:03.722] [main/ERROR] [net.minecraft.Util/]: Entity cataclysm_spellbooks:extended_laser_beam has no attributes
[18Sep2025 17:23:03.723] [main/ERROR] [net.minecraft.Util/]: Entity cataclysm_spellbooks:extended_death_laser_beam has no attributes
[18Sep2025 17:23:03.723] [main/ERROR] [net.minecraft.Util/]: Entity illageandspillage:bone has no attributes
[18Sep2025 17:23:03.723] [main/ERROR] [net.minecraft.Util/]: Entity illageandspillage:axe has no attributes
[18Sep2025 17:23:03.723] [main/ERROR] [net.minecraft.Util/]: Entity cataclysm_spellbooks:extended_laser_beam has no attributes
[18Sep2025 17:23:03.723] [main/ERROR] [net.minecraft.Util/]: Entity cataclysm_spellbooks:extended_death_laser_beam has no attributes
[18Sep2025 17:23:03.723] [main/ERROR] [net.minecraft.Util/]: Entity illageandspillage:bone has no attributes
[18Sep2025 17:23:03.723] [main/ERROR] [net.minecraft.Util/]: Entity illageandspillage:axe has no attributes
[18Sep2025 17:23:03.723] [main/ERROR] [net.minecraft.Util/]: Entity cataclysm_spellbooks:extended_laser_beam has no attributes
[18Sep2025 17:23:03.723] [main/ERROR] [net.minecraft.Util/]: Entity cataclysm_spellbooks:extended_death_laser_beam has no attributes
[18Sep2025 17:23:03.723] [main/ERROR] [net.minecraft.Util/]: Entity illageandspillage:bone has no attributes
[18Sep2025 17:23:03.724] [main/ERROR] [net.minecraft.Util/]: Entity illageandspillage:axe has no attributes
[18Sep2025 17:23:03.724] [main/ERROR] [net.minecraft.Util/]: Entity cataclysm_spellbooks:extended_laser_beam has no attributes
[18Sep2025 17:23:03.724] [main/ERROR] [net.minecraft.Util/]: Entity cataclysm_spellbooks:extended_death_laser_beam has no attributes
[18Sep2025 17:23:03.724] [main/ERROR] [net.minecraft.Util/]: Entity illageandspillage:bone has no attributes
[18Sep2025 17:23:03.724] [main/ERROR] [net.minecraft.Util/]: Entity illageandspillage:axe has no attributes
[18Sep2025 17:23:03.724] [main/ERROR] [net.minecraft.Util/]: Entity cataclysm_spellbooks:extended_laser_beam has no attributes
[18Sep2025 17:23:03.724] [main/ERROR] [net.minecraft.Util/]: Entity cataclysm_spellbooks:extended_death_laser_beam has no attributes
[18Sep2025 17:23:03.724] [main/ERROR] [net.minecraft.Util/]: Entity illageandspillage:bone has no attributes
[18Sep2025 17:23:03.724] [main/ERROR] [net.minecraft.Util/]: Entity illageandspillage:axe has no attributes
[18Sep2025 17:23:03.725] [main/ERROR] [net.minecraft.Util/]: Entity cataclysm_spellbooks:extended_laser_beam has no attributes
[18Sep2025 17:23:03.725] [main/ERROR] [net.minecraft.Util/]: Entity cataclysm_spellbooks:extended_death_laser_beam has no attributes
[18Sep2025 17:23:03.725] [main/ERROR] [net.minecraft.Util/]: Entity illageandspillage:bone has no attributes
[18Sep2025 17:23:03.725] [main/ERROR] [net.minecraft.Util/]: Entity illageandspillage:axe has no attributes
[18Sep2025 17:23:03.725] [main/ERROR] [net.minecraft.Util/]: Entity cataclysm_spellbooks:extended_laser_beam has no attributes
[18Sep2025 17:23:03.725] [main/ERROR] [net.minecraft.Util/]: Entity cataclysm_spellbooks:extended_death_laser_beam has no attributes
[18Sep2025 17:23:03.725] [main/ERROR] [net.minecraft.Util/]: Entity illageandspillage:bone has no attributes
[18Sep2025 17:23:03.725] [main/ERROR] [net.minecraft.Util/]: Entity illageandspillage:axe has no attributes
[18Sep2025 17:23:03.725] [main/ERROR] [net.minecraft.Util/]: Entity cataclysm_spellbooks:extended_laser_beam has no attributes
[18Sep2025 17:23:03.726] [main/ERROR] [net.minecraft.Util/]: Entity cataclysm_spellbooks:extended_death_laser_beam has no attributes
[18Sep2025 17:23:03.726] [main/ERROR] [net.minecraft.Util/]: Entity illageandspillage:bone has no attributes
[18Sep2025 17:23:03.726] [main/ERROR] [net.minecraft.Util/]: Entity illageandspillage:axe has no attributes
[18Sep2025 17:23:03.726] [main/ERROR] [net.minecraft.Util/]: Entity cataclysm_spellbooks:extended_laser_beam has no attributes
[18Sep2025 17:23:03.726] [main/ERROR] [net.minecraft.Util/]: Entity cataclysm_spellbooks:extended_death_laser_beam has no attributes
[18Sep2025 17:23:03.726] [main/ERROR] [net.minecraft.Util/]: Entity illageandspillage:bone has no attributes
[18Sep2025 17:23:03.726] [main/ERROR] [net.minecraft.Util/]: Entity illageandspillage:axe has no attributes
[18Sep2025 17:23:03.726] [main/ERROR] [net.minecraft.Util/]: Entity cataclysm_spellbooks:extended_laser_beam has no attributes
[18Sep2025 17:23:03.726] [main/ERROR] [net.minecraft.Util/]: Entity cataclysm_spellbooks:extended_death_laser_beam has no attributes
[18Sep2025 17:23:03.727] [main/ERROR] [net.minecraft.Util/]: Entity illageandspillage:bone has no attributes
[18Sep2025 17:23:03.727] [main/ERROR] [net.minecraft.Util/]: Entity illageandspillage:axe has no attributes
[18Sep2025 17:23:03.727] [main/ERROR] [net.minecraft.Util/]: Entity cataclysm_spellbooks:extended_laser_beam has no attributes
[18Sep2025 17:23:03.727] [main/ERROR] [net.minecraft.Util/]: Entity cataclysm_spellbooks:extended_death_laser_beam has no attributes
[18Sep2025 17:23:03.727] [main/ERROR] [net.minecraft.Util/]: Entity illageandspillage:bone has no attributes
[18Sep2025 17:23:03.727] [main/ERROR] [net.minecraft.Util/]: Entity illageandspillage:axe has no attributes
[18Sep2025 17:23:03.727] [main/ERROR] [net.minecraft.Util/]: Entity cataclysm_spellbooks:extended_laser_beam has no attributes
[18Sep2025 17:23:03.727] [main/ERROR] [net.minecraft.Util/]: Entity cataclysm_spellbooks:extended_death_laser_beam has no attributes
[18Sep2025 17:23:03.727] [main/ERROR] [net.minecraft.Util/]: Entity illageandspillage:bone has no attributes
[18Sep2025 17:23:03.727] [main/ERROR] [net.minecraft.Util/]: Entity illageandspillage:axe has no attributes
[18Sep2025 17:23:03.728] [main/ERROR] [net.minecraft.Util/]: Entity cataclysm_spellbooks:extended_laser_beam has no attributes
[18Sep2025 17:23:03.728] [main/ERROR] [net.minecraft.Util/]: Entity cataclysm_spellbooks:extended_death_laser_beam has no attributes
[18Sep2025 17:23:03.728] [main/ERROR] [net.minecraft.Util/]: Entity illageandspillage:bone has no attributes
[18Sep2025 17:23:03.728] [main/ERROR] [net.minecraft.Util/]: Entity illageandspillage:axe has no attributes
[18Sep2025 17:23:03.728] [main/ERROR] [net.minecraft.Util/]: Entity cataclysm_spellbooks:extended_laser_beam has no attributes
[18Sep2025 17:23:03.728] [main/ERROR] [net.minecraft.Util/]: Entity cataclysm_spellbooks:extended_death_laser_beam has no attributes
[18Sep2025 17:23:03.728] [main/ERROR] [net.minecraft.Util/]: Entity illageandspillage:bone has no attributes
[18Sep2025 17:23:03.728] [main/ERROR] [net.minecraft.Util/]: Entity illageandspillage:axe has no attributes
[18Sep2025 17:23:03.728] [main/ERROR] [net.minecraft.Util/]: Entity cataclysm_spellbooks:extended_laser_beam has no attributes
[18Sep2025 17:23:03.729] [main/ERROR] [net.minecraft.Util/]: Entity cataclysm_spellbooks:extended_death_laser_beam has no attributes
[18Sep2025 17:23:03.729] [main/ERROR] [net.minecraft.Util/]: Entity illageandspillage:bone has no attributes
[18Sep2025 17:23:03.729] [main/ERROR] [net.minecraft.Util/]: Entity illageandspillage:axe has no attributes
[18Sep2025 17:23:03.729] [main/ERROR] [net.minecraft.Util/]: Entity cataclysm_spellbooks:extended_laser_beam has no attributes
[18Sep2025 17:23:03.729] [main/ERROR] [net.minecraft.Util/]: Entity cataclysm_spellbooks:extended_death_laser_beam has no attributes
[18Sep2025 17:23:03.729] [main/ERROR] [net.minecraft.Util/]: Entity illageandspillage:bone has no attributes
[18Sep2025 17:23:03.729] [main/ERROR] [net.minecraft.Util/]: Entity illageandspillage:axe has no attributes
[18Sep2025 17:23:03.729] [main/ERROR] [net.minecraft.Util/]: Entity cataclysm_spellbooks:extended_laser_beam has no attributes
[18Sep2025 17:23:03.729] [main/ERROR] [net.minecraft.Util/]: Entity cataclysm_spellbooks:extended_death_laser_beam has no attributes
[18Sep2025 17:23:03.729] [main/ERROR] [net.minecraft.Util/]: Entity illageandspillage:bone has no attributes
[18Sep2025 17:23:03.730] [main/ERROR] [net.minecraft.Util/]: Entity illageandspillage:axe has no attributes
[18Sep2025 17:23:03.730] [main/ERROR] [net.minecraft.Util/]: Entity cataclysm_spellbooks:extended_laser_beam has no attributes
[18Sep2025 17:23:03.730] [main/ERROR] [net.minecraft.Util/]: Entity cataclysm_spellbooks:extended_death_laser_beam has no attributes
[18Sep2025 17:23:03.730] [main/ERROR] [net.minecraft.Util/]: Entity illageandspillage:bone has no attributes
[18Sep2025 17:23:03.730] [main/ERROR] [net.minecraft.Util/]: Entity illageandspillage:axe has no attributes
[18Sep2025 17:23:03.767] [Forge Version Check/INFO] [net.minecraftforge.fml.VersionChecker/]: [morevanillashields] Found status: UP_TO_DATE Current: 1.1.4-1.20.1 Target: null
[18Sep2025 17:23:03.768] [Forge Version Check/INFO] [net.minecraftforge.fml.VersionChecker/]: [enchdesc] Starting version check at https://updates.blamejared.com/get?n=enchdesc&gv=1.20.1
[18Sep2025 17:23:03.864] [Forge Version Check/INFO] [net.minecraftforge.fml.VersionChecker/]: [enchdesc] Found status: BETA Current: 17.1.19 Target: 17.1.19
[18Sep2025 17:23:03.865] [Forge Version Check/INFO] [net.minecraftforge.fml.VersionChecker/]: [moonlight] Starting version check at https://raw.githubusercontent.com/MehVahdJukaar/Moonlight/multi-loader/forge/update.json
[18Sep2025 17:23:03.876] [Forge Version Check/INFO] [net.minecraftforge.fml.VersionChecker/]: [moonlight] Found status: BETA Current: 1.20-2.14.13 Target: null
[18Sep2025 17:23:03.877] [Forge Version Check/INFO] [net.minecraftforge.fml.VersionChecker/]: [smoothboot] Starting version check at https://github.com/AbdElAziz333/SmoothBoot-Reloaded/raw/mc1.20.1/dev/updates.json
[18Sep2025 17:23:03.916] [main/ERROR] [net.minecraft.Util/]: Entity cataclysm_spellbooks:extended_laser_beam has no attributes
[18Sep2025 17:23:03.916] [main/ERROR] [net.minecraft.Util/]: Entity cataclysm_spellbooks:extended_death_laser_beam has no attributes
[18Sep2025 17:23:03.916] [main/ERROR] [net.minecraft.Util/]: Entity illageandspillage:bone has no attributes
[18Sep2025 17:23:03.916] [main/ERROR] [net.minecraft.Util/]: Entity illageandspillage:axe has no attributes
[18Sep2025 17:23:03.916] [main/ERROR] [net.minecraft.Util/]: Entity cataclysm_spellbooks:extended_laser_beam has no attributes
[18Sep2025 17:23:03.917] [main/ERROR] [net.minecraft.Util/]: Entity cataclysm_spellbooks:extended_death_laser_beam has no attributes
[18Sep2025 17:23:03.917] [main/ERROR] [net.minecraft.Util/]: Entity illageandspillage:bone has no attributes
[18Sep2025 17:23:03.917] [main/ERROR] [net.minecraft.Util/]: Entity illageandspillage:axe has no attributes
[18Sep2025 17:23:03.917] [main/ERROR] [net.minecraft.Util/]: Entity cataclysm_spellbooks:extended_laser_beam has no attributes
[18Sep2025 17:23:03.917] [main/ERROR] [net.minecraft.Util/]: Entity cataclysm_spellbooks:extended_death_laser_beam has no attributes
[18Sep2025 17:23:03.917] [main/ERROR] [net.minecraft.Util/]: Entity illageandspillage:bone has no attributes
[18Sep2025 17:23:03.917] [main/ERROR] [net.minecraft.Util/]: Entity illageandspillage:axe has no attributes
[18Sep2025 17:23:03.917] [main/ERROR] [net.minecraft.Util/]: Entity cataclysm_spellbooks:extended_laser_beam has no attributes
[18Sep2025 17:23:03.917] [main/ERROR] [net.minecraft.Util/]: Entity cataclysm_spellbooks:extended_death_laser_beam has no attributes
[18Sep2025 17:23:03.918] [main/ERROR] [net.minecraft.Util/]: Entity illageandspillage:bone has no attributes
[18Sep2025 17:23:03.918] [main/ERROR] [net.minecraft.Util/]: Entity illageandspillage:axe has no attributes
[18Sep2025 17:23:03.918] [main/ERROR] [net.minecraft.Util/]: Entity cataclysm_spellbooks:extended_laser_beam has no attributes
[18Sep2025 17:23:03.918] [main/ERROR] [net.minecraft.Util/]: Entity cataclysm_spellbooks:extended_death_laser_beam has no attributes
[18Sep2025 17:23:03.918] [main/ERROR] [net.minecraft.Util/]: Entity illageandspillage:bone has no attributes
[18Sep2025 17:23:03.918] [main/ERROR] [net.minecraft.Util/]: Entity illageandspillage:axe has no attributes
[18Sep2025 17:23:03.918] [main/ERROR] [net.minecraft.Util/]: Entity cataclysm_spellbooks:extended_laser_beam has no attributes
[18Sep2025 17:23:03.919] [main/ERROR] [net.minecraft.Util/]: Entity cataclysm_spellbooks:extended_death_laser_beam has no attributes
[18Sep2025 17:23:03.919] [main/ERROR] [net.minecraft.Util/]: Entity illageandspillage:bone has no attributes
[18Sep2025 17:23:03.919] [main/ERROR] [net.minecraft.Util/]: Entity illageandspillage:axe has no attributes
[18Sep2025 17:23:03.919] [main/ERROR] [net.minecraft.Util/]: Entity cataclysm_spellbooks:extended_laser_beam has no attributes
[18Sep2025 17:23:03.919] [main/ERROR] [net.minecraft.Util/]: Entity cataclysm_spellbooks:extended_death_laser_beam has no attributes
[18Sep2025 17:23:03.919] [main/ERROR] [net.minecraft.Util/]: Entity illageandspillage:bone has no attributes
[18Sep2025 17:23:03.919] [main/ERROR] [net.minecraft.Util/]: Entity illageandspillage:axe has no attributes
[18Sep2025 17:23:03.919] [main/ERROR] [net.minecraft.Util/]: Entity cataclysm_spellbooks:extended_laser_beam has no attributes
[18Sep2025 17:23:03.919] [main/ERROR] [net.minecraft.Util/]: Entity cataclysm_spellbooks:extended_death_laser_beam has no attributes
[18Sep2025 17:23:03.920] [main/ERROR] [net.minecraft.Util/]: Entity illageandspillage:bone has no attributes
[18Sep2025 17:23:03.920] [main/ERROR] [net.minecraft.Util/]: Entity illageandspillage:axe has no attributes
[18Sep2025 17:23:03.920] [main/ERROR] [net.minecraft.Util/]: Entity cataclysm_spellbooks:extended_laser_beam has no attributes
[18Sep2025 17:23:03.920] [main/ERROR] [net.minecraft.Util/]: Entity cataclysm_spellbooks:extended_death_laser_beam has no attributes
[18Sep2025 17:23:03.920] [main/ERROR] [net.minecraft.Util/]: Entity illageandspillage:bone has no attributes
[18Sep2025 17:23:03.920] [main/ERROR] [net.minecraft.Util/]: Entity illageandspillage:axe has no attributes
[18Sep2025 17:23:03.920] [main/ERROR] [net.minecraft.Util/]: Entity cataclysm_spellbooks:extended_laser_beam has no attributes
[18Sep2025 17:23:03.920] [main/ERROR] [net.minecraft.Util/]: Entity cataclysm_spellbooks:extended_death_laser_beam has no attributes
[18Sep2025 17:23:03.921] [main/ERROR] [net.minecraft.Util/]: Entity illageandspillage:bone has no attributes
[18Sep2025 17:23:03.921] [main/ERROR] [net.minecraft.Util/]: Entity illageandspillage:axe has no attributes
[18Sep2025 17:23:03.921] [main/ERROR] [net.minecraft.Util/]: Entity cataclysm_spellbooks:extended_laser_beam has no attributes
[18Sep2025 17:23:03.921] [main/ERROR] [net.minecraft.Util/]: Entity cataclysm_spellbooks:extended_death_laser_beam has no attributes
[18Sep2025 17:23:03.921] [main/ERROR] [net.minecraft.Util/]: Entity illageandspillage:bone has no attributes
[18Sep2025 17:23:03.921] [main/ERROR] [net.minecraft.Util/]: Entity illageandspillage:axe has no attributes
[18Sep2025 17:23:03.921] [main/ERROR] [net.minecraft.Util/]: Entity cataclysm_spellbooks:extended_laser_beam has no attributes
[18Sep2025 17:23:03.921] [main/ERROR] [net.minecraft.Util/]: Entity cataclysm_spellbooks:extended_death_laser_beam has no attributes
[18Sep2025 17:23:03.921] [main/ERROR] [net.minecraft.Util/]: Entity illageandspillage:bone has no attributes
[18Sep2025 17:23:03.921] [main/ERROR] [net.minecraft.Util/]: Entity illageandspillage:axe has no attributes
[18Sep2025 17:23:03.922] [main/ERROR] [net.minecraft.Util/]: Entity cataclysm_spellbooks:extended_laser_beam has no attributes
[18Sep2025 17:23:03.922] [main/ERROR] [net.minecraft.Util/]: Entity cataclysm_spellbooks:extended_death_laser_beam has no attributes
[18Sep2025 17:23:03.922] [main/ERROR] [net.minecraft.Util/]: Entity illageandspillage:bone has no attributes
[18Sep2025 17:23:03.922] [main/ERROR] [net.minecraft.Util/]: Entity illageandspillage:axe has no attributes
[18Sep2025 17:23:03.922] [main/ERROR] [net.minecraft.Util/]: Entity cataclysm_spellbooks:extended_laser_beam has no attributes
[18Sep2025 17:23:03.922] [main/ERROR] [net.minecraft.Util/]: Entity cataclysm_spellbooks:extended_death_laser_beam has no attributes
[18Sep2025 17:23:03.922] [main/ERROR] [net.minecraft.Util/]: Entity illageandspillage:bone has no attributes
[18Sep2025 17:23:03.922] [main/ERROR] [net.minecraft.Util/]: Entity illageandspillage:axe has no attributes
[18Sep2025 17:23:03.923] [main/ERROR] [net.minecraft.Util/]: Entity cataclysm_spellbooks:extended_laser_beam has no attributes
[18Sep2025 17:23:03.923] [main/ERROR] [net.minecraft.Util/]: Entity cataclysm_spellbooks:extended_death_laser_beam has no attributes
[18Sep2025 17:23:03.923] [main/ERROR] [net.minecraft.Util/]: Entity illageandspillage:bone has no attributes
[18Sep2025 17:23:03.923] [main/ERROR] [net.minecraft.Util/]: Entity illageandspillage:axe has no attributes
[18Sep2025 17:23:03.925] [main/ERROR] [net.minecraft.Util/]: Entity cataclysm_spellbooks:extended_laser_beam has no attributes
[18Sep2025 17:23:03.925] [main/ERROR] [net.minecraft.Util/]: Entity cataclysm_spellbooks:extended_death_laser_beam has no attributes
[18Sep2025 17:23:03.925] [main/ERROR] [net.minecraft.Util/]: Entity illageandspillage:bone has no attributes
[18Sep2025 17:23:03.925] [main/ERROR] [net.minecraft.Util/]: Entity illageandspillage:axe has no attributes
[18Sep2025 17:23:03.925] [main/ERROR] [net.minecraft.Util/]: Entity cataclysm_spellbooks:extended_laser_beam has no attributes
[18Sep2025 17:23:03.925] [main/ERROR] [net.minecraft.Util/]: Entity cataclysm_spellbooks:extended_death_laser_beam has no attributes
[18Sep2025 17:23:03.926] [main/ERROR] [net.minecraft.Util/]: Entity illageandspillage:bone has no attributes
[18Sep2025 17:23:03.926] [main/ERROR] [net.minecraft.Util/]: Entity illageandspillage:axe has no attributes
[18Sep2025 17:23:03.926] [main/ERROR] [net.minecraft.Util/]: Entity cataclysm_spellbooks:extended_laser_beam has no attributes
[18Sep2025 17:23:03.926] [main/ERROR] [net.minecraft.Util/]: Entity cataclysm_spellbooks:extended_death_laser_beam has no attributes
[18Sep2025 17:23:03.926] [main/ERROR] [net.minecraft.Util/]: Entity illageandspillage:bone has no attributes
[18Sep2025 17:23:03.926] [main/ERROR] [net.minecraft.Util/]: Entity illageandspillage:axe has no attributes
[18Sep2025 17:23:03.926] [main/ERROR] [net.minecraft.Util/]: Entity cataclysm_spellbooks:extended_laser_beam has no attributes
[18Sep2025 17:23:03.926] [main/ERROR] [net.minecraft.Util/]: Entity cataclysm_spellbooks:extended_death_laser_beam has no attributes
[18Sep2025 17:23:03.926] [main/ERROR] [net.minecraft.Util/]: Entity illageandspillage:bone has no attributes
[18Sep2025 17:23:03.927] [main/ERROR] [net.minecraft.Util/]: Entity illageandspillage:axe has no attributes
[18Sep2025 17:23:03.927] [main/ERROR] [net.minecraft.Util/]: Entity cataclysm_spellbooks:extended_laser_beam has no attributes
[18Sep2025 17:23:03.927] [main/ERROR] [net.minecraft.Util/]: Entity cataclysm_spellbooks:extended_death_laser_beam has no attributes
[18Sep2025 17:23:03.927] [main/ERROR] [net.minecraft.Util/]: Entity illageandspillage:bone has no attributes
[18Sep2025 17:23:03.927] [main/ERROR] [net.minecraft.Util/]: Entity illageandspillage:axe has no attributes
[18Sep2025 17:23:03.927] [main/ERROR] [net.minecraft.Util/]: Entity cataclysm_spellbooks:extended_laser_beam has no attributes
[18Sep2025 17:23:03.927] [main/ERROR] [net.minecraft.Util/]: Entity cataclysm_spellbooks:extended_death_laser_beam has no attributes
[18Sep2025 17:23:03.927] [main/ERROR] [net.minecraft.Util/]: Entity illageandspillage:bone has no attributes
[18Sep2025 17:23:03.927] [main/ERROR] [net.minecraft.Util/]: Entity illageandspillage:axe has no attributes
[18Sep2025 17:23:03.928] [main/ERROR] [net.minecraft.Util/]: Entity cataclysm_spellbooks:extended_laser_beam has no attributes
[18Sep2025 17:23:03.928] [main/ERROR] [net.minecraft.Util/]: Entity cataclysm_spellbooks:extended_death_laser_beam has no attributes
[18Sep2025 17:23:03.928] [main/ERROR] [net.minecraft.Util/]: Entity illageandspillage:bone has no attributes
[18Sep2025 17:23:03.928] [main/ERROR] [net.minecraft.Util/]: Entity illageandspillage:axe has no attributes
[18Sep2025 17:23:03.928] [main/ERROR] [net.minecraft.Util/]: Entity cataclysm_spellbooks:extended_laser_beam has no attributes
[18Sep2025 17:23:03.928] [main/ERROR] [net.minecraft.Util/]: Entity cataclysm_spellbooks:extended_death_laser_beam has no attributes
[18Sep2025 17:23:03.929] [main/ERROR] [net.minecraft.Util/]: Entity illageandspillage:bone has no attributes
[18Sep2025 17:23:03.929] [main/ERROR] [net.minecraft.Util/]: Entity illageandspillage:axe has no attributes
[18Sep2025 17:23:03.929] [main/ERROR] [net.minecraft.Util/]: Entity cataclysm_spellbooks:extended_laser_beam has no attributes
[18Sep2025 17:23:03.929] [main/ERROR] [net.minecraft.Util/]: Entity cataclysm_spellbooks:extended_death_laser_beam has no attributes
[18Sep2025 17:23:03.929] [main/ERROR] [net.minecraft.Util/]: Entity illageandspillage:bone has no attributes
[18Sep2025 17:23:03.929] [main/ERROR] [net.minecraft.Util/]: Entity illageandspillage:axe has no attributes
[18Sep2025 17:23:03.929] [main/ERROR] [net.minecraft.Util/]: Entity cataclysm_spellbooks:extended_laser_beam has no attributes
[18Sep2025 17:23:03.930] [main/ERROR] [net.minecraft.Util/]: Entity cataclysm_spellbooks:extended_death_laser_beam has no attributes
[18Sep2025 17:23:03.930] [main/ERROR] [net.minecraft.Util/]: Entity illageandspillage:bone has no attributes
[18Sep2025 17:23:03.930] [main/ERROR] [net.minecraft.Util/]: Entity illageandspillage:axe has no attributes
[18Sep2025 17:23:03.930] [main/ERROR] [net.minecraft.Util/]: Entity cataclysm_spellbooks:extended_laser_beam has no attributes
[18Sep2025 17:23:03.930] [main/ERROR] [net.minecraft.Util/]: Entity cataclysm_spellbooks:extended_death_laser_beam has no attributes
[18Sep2025 17:23:03.930] [main/ERROR] [net.minecraft.Util/]: Entity illageandspillage:bone has no attributes
[18Sep2025 17:23:03.930] [main/ERROR] [net.minecraft.Util/]: Entity illageandspillage:axe has no attributes
[18Sep2025 17:23:03.931] [main/ERROR] [net.minecraft.Util/]: Entity cataclysm_spellbooks:extended_laser_beam has no attributes
[18Sep2025 17:23:03.931] [main/ERROR] [net.minecraft.Util/]: Entity cataclysm_spellbooks:extended_death_laser_beam has no attributes
[18Sep2025 17:23:03.931] [main/ERROR] [net.minecraft.Util/]: Entity illageandspillage:bone has no attributes
[18Sep2025 17:23:03.931] [main/ERROR] [net.minecraft.Util/]: Entity illageandspillage:axe has no attributes
[18Sep2025 17:23:03.931] [main/ERROR] [net.minecraft.Util/]: Entity cataclysm_spellbooks:extended_laser_beam has no attributes
[18Sep2025 17:23:03.931] [main/ERROR] [net.minecraft.Util/]: Entity cataclysm_spellbooks:extended_death_laser_beam has no attributes
[18Sep2025 17:23:03.931] [main/ERROR] [net.minecraft.Util/]: Entity illageandspillage:bone has no attributes
[18Sep2025 17:23:03.931] [main/ERROR] [net.minecraft.Util/]: Entity illageandspillage:axe has no attributes
[18Sep2025 17:23:03.932] [main/ERROR] [net.minecraft.Util/]: Entity cataclysm_spellbooks:extended_laser_beam has no attributes
[18Sep2025 17:23:03.932] [main/ERROR] [net.minecraft.Util/]: Entity cataclysm_spellbooks:extended_death_laser_beam has no attributes
[18Sep2025 17:23:03.932] [main/ERROR] [net.minecraft.Util/]: Entity illageandspillage:bone has no attributes
[18Sep2025 17:23:03.932] [main/ERROR] [net.minecraft.Util/]: Entity illageandspillage:axe has no attributes
[18Sep2025 17:23:03.932] [main/ERROR] [net.minecraft.Util/]: Entity cataclysm_spellbooks:extended_laser_beam has no attributes
[18Sep2025 17:23:03.932] [main/ERROR] [net.minecraft.Util/]: Entity cataclysm_spellbooks:extended_death_laser_beam has no attributes
[18Sep2025 17:23:03.932] [main/ERROR] [net.minecraft.Util/]: Entity illageandspillage:bone has no attributes
[18Sep2025 17:23:03.933] [main/ERROR] [net.minecraft.Util/]: Entity illageandspillage:axe has no attributes
[18Sep2025 17:23:03.933] [main/ERROR] [net.minecraft.Util/]: Entity cataclysm_spellbooks:extended_laser_beam has no attributes
[18Sep2025 17:23:03.933] [main/ERROR] [net.minecraft.Util/]: Entity cataclysm_spellbooks:extended_death_laser_beam has no attributes
[18Sep2025 17:23:03.933] [main/ERROR] [net.minecraft.Util/]: Entity illageandspillage:bone has no attributes
[18Sep2025 17:23:03.933] [main/ERROR] [net.minecraft.Util/]: Entity illageandspillage:axe has no attributes
[18Sep2025 17:23:03.933] [main/ERROR] [net.minecraft.Util/]: Entity cataclysm_spellbooks:extended_laser_beam has no attributes
[18Sep2025 17:23:03.933] [main/ERROR] [net.minecraft.Util/]: Entity cataclysm_spellbooks:extended_death_laser_beam has no attributes
[18Sep2025 17:23:03.933] [main/ERROR] [net.minecraft.Util/]: Entity illageandspillage:bone has no attributes
[18Sep2025 17:23:03.934] [main/ERROR] [net.minecraft.Util/]: Entity illageandspillage:axe has no attributes
[18Sep2025 17:23:03.934] [main/ERROR] [net.minecraft.Util/]: Entity cataclysm_spellbooks:extended_laser_beam has no attributes
[18Sep2025 17:23:03.934] [main/ERROR] [net.minecraft.Util/]: Entity cataclysm_spellbooks:extended_death_laser_beam has no attributes
[18Sep2025 17:23:03.934] [main/ERROR] [net.minecraft.Util/]: Entity illageandspillage:bone has no attributes
[18Sep2025 17:23:03.934] [main/ERROR] [net.minecraft.Util/]: Entity illageandspillage:axe has no attributes
[18Sep2025 17:23:03.934] [main/ERROR] [net.minecraft.Util/]: Entity cataclysm_spellbooks:extended_laser_beam has no attributes
[18Sep2025 17:23:03.934] [main/ERROR] [net.minecraft.Util/]: Entity cataclysm_spellbooks:extended_death_laser_beam has no attributes
[18Sep2025 17:23:03.935] [main/ERROR] [net.minecraft.Util/]: Entity illageandspillage:bone has no attributes
[18Sep2025 17:23:03.935] [main/ERROR] [net.minecraft.Util/]: Entity illageandspillage:axe has no attributes
[18Sep2025 17:23:03.935] [main/ERROR] [net.minecraft.Util/]: Entity cataclysm_spellbooks:extended_laser_beam has no attributes
[18Sep2025 17:23:03.935] [main/ERROR] [net.minecraft.Util/]: Entity cataclysm_spellbooks:extended_death_laser_beam has no attributes
[18Sep2025 17:23:03.935] [main/ERROR] [net.minecraft.Util/]: Entity illageandspillage:bone has no attributes
[18Sep2025 17:23:03.935] [main/ERROR] [net.minecraft.Util/]: Entity illageandspillage:axe has no attributes
[18Sep2025 17:23:03.935] [main/ERROR] [net.minecraft.Util/]: Entity cataclysm_spellbooks:extended_laser_beam has no attributes
[18Sep2025 17:23:03.936] [main/ERROR] [net.minecraft.Util/]: Entity cataclysm_spellbooks:extended_death_laser_beam has no attributes
[18Sep2025 17:23:03.936] [main/ERROR] [net.minecraft.Util/]: Entity illageandspillage:bone has no attributes
[18Sep2025 17:23:03.936] [main/ERROR] [net.minecraft.Util/]: Entity illageandspillage:axe has no attributes
[18Sep2025 17:23:03.936] [main/ERROR] [net.minecraft.Util/]: Entity cataclysm_spellbooks:extended_laser_beam has no attributes
[18Sep2025 17:23:03.936] [main/ERROR] [net.minecraft.Util/]: Entity cataclysm_spellbooks:extended_death_laser_beam has no attributes
[18Sep2025 17:23:03.936] [main/ERROR] [net.minecraft.Util/]: Entity illageandspillage:bone has no attributes
[18Sep2025 17:23:03.936] [main/ERROR] [net.minecraft.Util/]: Entity illageandspillage:axe has no attributes
[18Sep2025 17:23:03.937] [main/ERROR] [net.minecraft.Util/]: Entity cataclysm_spellbooks:extended_laser_beam has no attributes
[18Sep2025 17:23:03.937] [main/ERROR] [net.minecraft.Util/]: Entity cataclysm_spellbooks:extended_death_laser_beam has no attributes
[18Sep2025 17:23:03.937] [main/ERROR] [net.minecraft.Util/]: Entity illageandspillage:bone has no attributes
[18Sep2025 17:23:03.937] [main/ERROR] [net.minecraft.Util/]: Entity illageandspillage:axe has no attributes
[18Sep2025 17:23:03.937] [main/ERROR] [net.minecraft.Util/]: Entity cataclysm_spellbooks:extended_laser_beam has no attributes
[18Sep2025 17:23:03.937] [main/ERROR] [net.minecraft.Util/]: Entity cataclysm_spellbooks:extended_death_laser_beam has no attributes
[18Sep2025 17:23:03.937] [main/ERROR] [net.minecraft.Util/]: Entity illageandspillage:bone has no attributes
[18Sep2025 17:23:03.937] [main/ERROR] [net.minecraft.Util/]: Entity illageandspillage:axe has no attributes
[18Sep2025 17:23:03.938] [main/ERROR] [net.minecraft.Util/]: Entity cataclysm_spellbooks:extended_laser_beam has no attributes
[18Sep2025 17:23:03.938] [main/ERROR] [net.minecraft.Util/]: Entity cataclysm_spellbooks:extended_death_laser_beam has no attributes
[18Sep2025 17:23:03.938] [main/ERROR] [net.minecraft.Util/]: Entity illageandspillage:bone has no attributes
[18Sep2025 17:23:03.938] [main/ERROR] [net.minecraft.Util/]: Entity illageandspillage:axe has no attributes
[18Sep2025 17:23:03.938] [main/ERROR] [net.minecraft.Util/]: Entity cataclysm_spellbooks:extended_laser_beam has no attributes
[18Sep2025 17:23:03.938] [main/ERROR] [net.minecraft.Util/]: Entity cataclysm_spellbooks:extended_death_laser_beam has no attributes
[18Sep2025 17:23:03.938] [main/ERROR] [net.minecraft.Util/]: Entity illageandspillage:bone has no attributes
[18Sep2025 17:23:03.939] [main/ERROR] [net.minecraft.Util/]: Entity illageandspillage:axe has no attributes
[18Sep2025 17:23:03.939] [main/ERROR] [net.minecraft.Util/]: Entity cataclysm_spellbooks:extended_laser_beam has no attributes
[18Sep2025 17:23:03.939] [Forge Version Check/INFO] [net.minecraftforge.fml.VersionChecker/]: [smoothboot] Found status: UP_TO_DATE Current: 0.0.4 Target: null
[18Sep2025 17:23:03.939] [main/ERROR] [net.minecraft.Util/]: Entity cataclysm_spellbooks:extended_death_laser_beam has no attributes
[18Sep2025 17:23:03.939] [Forge Version Check/INFO] [net.minecraftforge.fml.VersionChecker/]: [iceberg] Starting version check at https://mc-update-check.anthonyhilyard.com/520110
[18Sep2025 17:23:03.939] [main/ERROR] [net.minecraft.Util/]: Entity illageandspillage:bone has no attributes
[18Sep2025 17:23:03.940] [main/ERROR] [net.minecraft.Util/]: Entity illageandspillage:axe has no attributes
[18Sep2025 17:23:03.940] [main/ERROR] [net.minecraft.Util/]: Entity cataclysm_spellbooks:extended_laser_beam has no attributes
[18Sep2025 17:23:03.940] [main/ERROR] [net.minecraft.Util/]: Entity cataclysm_spellbooks:extended_death_laser_beam has no attributes
[18Sep2025 17:23:03.940] [main/ERROR] [net.minecraft.Util/]: Entity illageandspillage:bone has no attributes
[18Sep2025 17:23:03.940] [main/ERROR] [net.minecraft.Util/]: Entity illageandspillage:axe has no attributes
[18Sep2025 17:23:03.940] [main/ERROR] [net.minecraft.Util/]: Entity cataclysm_spellbooks:extended_laser_beam has no attributes
[18Sep2025 17:23:03.940] [main/ERROR] [net.minecraft.Util/]: Entity cataclysm_spellbooks:extended_death_laser_beam has no attributes
[18Sep2025 17:23:03.940] [main/ERROR] [net.minecraft.Util/]: Entity illageandspillage:bone has no attributes
[18Sep2025 17:23:03.940] [main/ERROR] [net.minecraft.Util/]: Entity illageandspillage:axe has no attributes
[18Sep2025 17:23:03.941] [main/ERROR] [net.minecraft.Util/]: Entity cataclysm_spellbooks:extended_laser_beam has no attributes
[18Sep2025 17:23:03.941] [main/ERROR] [net.minecraft.Util/]: Entity cataclysm_spellbooks:extended_death_laser_beam has no attributes
[18Sep2025 17:23:03.941] [main/ERROR] [net.minecraft.Util/]: Entity illageandspillage:bone has no attributes
[18Sep2025 17:23:03.941] [main/ERROR] [net.minecraft.Util/]: Entity illageandspillage:axe has no attributes
[18Sep2025 17:23:03.941] [main/ERROR] [net.minecraft.Util/]: Entity cataclysm_spellbooks:extended_laser_beam has no attributes
[18Sep2025 17:23:03.941] [main/ERROR] [net.minecraft.Util/]: Entity cataclysm_spellbooks:extended_death_laser_beam has no attributes
[18Sep2025 17:23:03.941] [main/ERROR] [net.minecraft.Util/]: Entity illageandspillage:bone has no attributes
[18Sep2025 17:23:03.941] [main/ERROR] [net.minecraft.Util/]: Entity illageandspillage:axe has no attributes
[18Sep2025 17:23:03.941] [main/ERROR] [net.minecraft.Util/]: Entity cataclysm_spellbooks:extended_laser_beam has no attributes
[18Sep2025 17:23:03.941] [main/ERROR] [net.minecraft.Util/]: Entity cataclysm_spellbooks:extended_death_laser_beam has no attributes
[18Sep2025 17:23:03.942] [main/ERROR] [net.minecraft.Util/]: Entity illageandspillage:bone has no attributes
[18Sep2025 17:23:03.942] [main/ERROR] [net.minecraft.Util/]: Entity illageandspillage:axe has no attributes
[18Sep2025 17:23:03.942] [main/ERROR] [net.minecraft.Util/]: Entity cataclysm_spellbooks:extended_laser_beam has no attributes
[18Sep2025 17:23:03.942] [main/ERROR] [net.minecraft.Util/]: Entity cataclysm_spellbooks:extended_death_laser_beam has no attributes
[18Sep2025 17:23:03.942] [main/ERROR] [net.minecraft.Util/]: Entity illageandspillage:bone has no attributes
[18Sep2025 17:23:03.942] [main/ERROR] [net.minecraft.Util/]: Entity illageandspillage:axe has no attributes
[18Sep2025 17:23:03.942] [main/ERROR] [net.minecraft.Util/]: Entity cataclysm_spellbooks:extended_laser_beam has no attributes
[18Sep2025 17:23:03.942] [main/ERROR] [net.minecraft.Util/]: Entity cataclysm_spellbooks:extended_death_laser_beam has no attributes
[18Sep2025 17:23:03.942] [main/ERROR] [net.minecraft.Util/]: Entity illageandspillage:bone has no attributes
[18Sep2025 17:23:03.942] [main/ERROR] [net.minecraft.Util/]: Entity illageandspillage:axe has no attributes
[18Sep2025 17:23:03.942] [main/ERROR] [net.minecraft.Util/]: Entity cataclysm_spellbooks:extended_laser_beam has no attributes
[18Sep2025 17:23:03.943] [main/ERROR] [net.minecraft.Util/]: Entity cataclysm_spellbooks:extended_death_laser_beam has no attributes
[18Sep2025 17:23:03.943] [main/ERROR] [net.minecraft.Util/]: Entity illageandspillage:bone has no attributes
[18Sep2025 17:23:03.943] [main/ERROR] [net.minecraft.Util/]: Entity illageandspillage:axe has no attributes
[18Sep2025 17:23:03.943] [main/ERROR] [net.minecraft.Util/]: Entity cataclysm_spellbooks:extended_laser_beam has no attributes
[18Sep2025 17:23:03.943] [main/ERROR] [net.minecraft.Util/]: Entity cataclysm_spellbooks:extended_death_laser_beam has no attributes
[18Sep2025 17:23:03.943] [main/ERROR] [net.minecraft.Util/]: Entity illageandspillage:bone has no attributes
[18Sep2025 17:23:03.943] [main/ERROR] [net.minecraft.Util/]: Entity illageandspillage:axe has no attributes
[18Sep2025 17:23:03.943] [main/ERROR] [net.minecraft.Util/]: Entity cataclysm_spellbooks:extended_laser_beam has no attributes
[18Sep2025 17:23:03.943] [main/ERROR] [net.minecraft.Util/]: Entity cataclysm_spellbooks:extended_death_laser_beam has no attributes
[18Sep2025 17:23:03.943] [main/ERROR] [net.minecraft.Util/]: Entity illageandspillage:bone has no attributes
[18Sep2025 17:23:03.943] [main/ERROR] [net.minecraft.Util/]: Entity illageandspillage:axe has no attributes
[18Sep2025 17:23:03.944] [main/ERROR] [net.minecraft.Util/]: Entity cataclysm_spellbooks:extended_laser_beam has no attributes
[18Sep2025 17:23:03.944] [main/ERROR] [net.minecraft.Util/]: Entity cataclysm_spellbooks:extended_death_laser_beam has no attributes
[18Sep2025 17:23:03.944] [main/ERROR] [net.minecraft.Util/]: Entity illageandspillage:bone has no attributes
[18Sep2025 17:23:03.944] [main/ERROR] [net.minecraft.Util/]: Entity illageandspillage:axe has no attributes
[18Sep2025 17:23:03.944] [main/ERROR] [net.minecraft.Util/]: Entity cataclysm_spellbooks:extended_laser_beam has no attributes
[18Sep2025 17:23:03.944] [main/ERROR] [net.minecraft.Util/]: Entity cataclysm_spellbooks:extended_death_laser_beam has no attributes
[18Sep2025 17:23:03.944] [main/ERROR] [net.minecraft.Util/]: Entity illageandspillage:bone has no attributes
[18Sep2025 17:23:03.944] [main/ERROR] [net.minecraft.Util/]: Entity illageandspillage:axe has no attributes
[18Sep2025 17:23:03.944] [main/ERROR] [net.minecraft.Util/]: Entity cataclysm_spellbooks:extended_laser_beam has no attributes
[18Sep2025 17:23:03.944] [main/ERROR] [net.minecraft.Util/]: Entity cataclysm_spellbooks:extended_death_laser_beam has no attributes
[18Sep2025 17:23:03.944] [main/ERROR] [net.minecraft.Util/]: Entity illageandspillage:bone has no attributes
[18Sep2025 17:23:03.945] [main/ERROR] [net.minecraft.Util/]: Entity illageandspillage:axe has no attributes
[18Sep2025 17:23:03.945] [main/ERROR] [net.minecraft.Util/]: Entity cataclysm_spellbooks:extended_laser_beam has no attributes
[18Sep2025 17:23:03.945] [main/ERROR] [net.minecraft.Util/]: Entity cataclysm_spellbooks:extended_death_laser_beam has no attributes
[18Sep2025 17:23:03.945] [main/ERROR] [net.minecraft.Util/]: Entity illageandspillage:bone has no attributes
[18Sep2025 17:23:03.945] [main/ERROR] [net.minecraft.Util/]: Entity illageandspillage:axe has no attributes
[18Sep2025 17:23:03.945] [main/ERROR] [net.minecraft.Util/]: Entity cataclysm_spellbooks:extended_laser_beam has no attributes
[18Sep2025 17:23:03.945] [main/ERROR] [net.minecraft.Util/]: Entity cataclysm_spellbooks:extended_death_laser_beam has no attributes
[18Sep2025 17:23:03.945] [main/ERROR] [net.minecraft.Util/]: Entity illageandspillage:bone has no attributes
[18Sep2025 17:23:03.945] [main/ERROR] [net.minecraft.Util/]: Entity illageandspillage:axe has no attributes
[18Sep2025 17:23:03.945] [main/ERROR] [net.minecraft.Util/]: Entity cataclysm_spellbooks:extended_laser_beam has no attributes
[18Sep2025 17:23:03.945] [main/ERROR] [net.minecraft.Util/]: Entity cataclysm_spellbooks:extended_death_laser_beam has no attributes
[18Sep2025 17:23:03.946] [main/ERROR] [net.minecraft.Util/]: Entity illageandspillage:bone has no attributes
[18Sep2025 17:23:03.946] [main/ERROR] [net.minecraft.Util/]: Entity illageandspillage:axe has no attributes
[18Sep2025 17:23:03.946] [main/ERROR] [net.minecraft.Util/]: Entity cataclysm_spellbooks:extended_laser_beam has no attributes
[18Sep2025 17:23:03.946] [main/ERROR] [net.minecraft.Util/]: Entity cataclysm_spellbooks:extended_death_laser_beam has no attributes
[18Sep2025 17:23:03.946] [main/ERROR] [net.minecraft.Util/]: Entity illageandspillage:bone has no attributes
[18Sep2025 17:23:03.946] [main/ERROR] [net.minecraft.Util/]: Entity illageandspillage:axe has no attributes
[18Sep2025 17:23:03.946] [main/ERROR] [net.minecraft.Util/]: Entity cataclysm_spellbooks:extended_laser_beam has no attributes
[18Sep2025 17:23:03.946] [main/ERROR] [net.minecraft.Util/]: Entity cataclysm_spellbooks:extended_death_laser_beam has no attributes
[18Sep2025 17:23:03.946] [main/ERROR] [net.minecraft.Util/]: Entity illageandspillage:bone has no attributes
[18Sep2025 17:23:03.946] [main/ERROR] [net.minecraft.Util/]: Entity illageandspillage:axe has no attributes
[18Sep2025 17:23:03.947] [main/ERROR] [net.minecraft.Util/]: Entity cataclysm_spellbooks:extended_laser_beam has no attributes
[18Sep2025 17:23:03.947] [main/ERROR] [net.minecraft.Util/]: Entity cataclysm_spellbooks:extended_death_laser_beam has no attributes
[18Sep2025 17:23:03.947] [main/ERROR] [net.minecraft.Util/]: Entity illageandspillage:bone has no attributes
[18Sep2025 17:23:03.947] [main/ERROR] [net.minecraft.Util/]: Entity illageandspillage:axe has no attributes
[18Sep2025 17:23:03.947] [main/ERROR] [net.minecraft.Util/]: Entity cataclysm_spellbooks:extended_laser_beam has no attributes
[18Sep2025 17:23:03.947] [main/ERROR] [net.minecraft.Util/]: Entity cataclysm_spellbooks:extended_death_laser_beam has no attributes
[18Sep2025 17:23:03.947] [main/ERROR] [net.minecraft.Util/]: Entity illageandspillage:bone has no attributes
[18Sep2025 17:23:03.947] [main/ERROR] [net.minecraft.Util/]: Entity illageandspillage:axe has no attributes
[18Sep2025 17:23:03.947] [main/ERROR] [net.minecraft.Util/]: Entity cataclysm_spellbooks:extended_laser_beam has no attributes
[18Sep2025 17:23:03.947] [main/ERROR] [net.minecraft.Util/]: Entity cataclysm_spellbooks:extended_death_laser_beam has no attributes
[18Sep2025 17:23:03.948] [main/ERROR] [net.minecraft.Util/]: Entity illageandspillage:bone has no attributes
[18Sep2025 17:23:03.948] [main/ERROR] [net.minecraft.Util/]: Entity illageandspillage:axe has no attributes
[18Sep2025 17:23:03.948] [main/ERROR] [net.minecraft.Util/]: Entity cataclysm_spellbooks:extended_laser_beam has no attributes
[18Sep2025 17:23:03.948] [main/ERROR] [net.minecraft.Util/]: Entity cataclysm_spellbooks:extended_death_laser_beam has no attributes
[18Sep2025 17:23:03.948] [main/ERROR] [net.minecraft.Util/]: Entity illageandspillage:bone has no attributes
[18Sep2025 17:23:03.948] [main/ERROR] [net.minecraft.Util/]: Entity illageandspillage:axe has no attributes
[18Sep2025 17:23:03.948] [main/ERROR] [net.minecraft.Util/]: Entity cataclysm_spellbooks:extended_laser_beam has no attributes
[18Sep2025 17:23:03.948] [main/ERROR] [net.minecraft.Util/]: Entity cataclysm_spellbooks:extended_death_laser_beam has no attributes
[18Sep2025 17:23:03.948] [main/ERROR] [net.minecraft.Util/]: Entity illageandspillage:bone has no attributes
[18Sep2025 17:23:03.948] [main/ERROR] [net.minecraft.Util/]: Entity illageandspillage:axe has no attributes
[18Sep2025 17:23:03.948] [main/ERROR] [net.minecraft.Util/]: Entity cataclysm_spellbooks:extended_laser_beam has no attributes
[18Sep2025 17:23:03.949] [main/ERROR] [net.minecraft.Util/]: Entity cataclysm_spellbooks:extended_death_laser_beam has no attributes
[18Sep2025 17:23:03.949] [main/ERROR] [net.minecraft.Util/]: Entity illageandspillage:bone has no attributes
[18Sep2025 17:23:03.949] [main/ERROR] [net.minecraft.Util/]: Entity illageandspillage:axe has no attributes
[18Sep2025 17:23:03.949] [main/ERROR] [net.minecraft.Util/]: Entity cataclysm_spellbooks:extended_laser_beam has no attributes
[18Sep2025 17:23:03.949] [main/ERROR] [net.minecraft.Util/]: Entity cataclysm_spellbooks:extended_death_laser_beam has no attributes
[18Sep2025 17:23:03.949] [main/ERROR] [net.minecraft.Util/]: Entity illageandspillage:bone has no attributes
[18Sep2025 17:23:03.949] [main/ERROR] [net.minecraft.Util/]: Entity illageandspillage:axe has no attributes
[18Sep2025 17:23:03.949] [main/ERROR] [net.minecraft.Util/]: Entity cataclysm_spellbooks:extended_laser_beam has no attributes
[18Sep2025 17:23:03.949] [main/ERROR] [net.minecraft.Util/]: Entity cataclysm_spellbooks:extended_death_laser_beam has no attributes
[18Sep2025 17:23:03.949] [main/ERROR] [net.minecraft.Util/]: Entity illageandspillage:bone has no attributes
[18Sep2025 17:23:03.949] [main/ERROR] [net.minecraft.Util/]: Entity illageandspillage:axe has no attributes
[18Sep2025 17:23:03.950] [main/ERROR] [net.minecraft.Util/]: Entity cataclysm_spellbooks:extended_laser_beam has no attributes
[18Sep2025 17:23:03.950] [main/ERROR] [net.minecraft.Util/]: Entity cataclysm_spellbooks:extended_death_laser_beam has no attributes
[18Sep2025 17:23:03.950] [main/ERROR] [net.minecraft.Util/]: Entity illageandspillage:bone has no attributes
[18Sep2025 17:23:03.950] [main/ERROR] [net.minecraft.Util/]: Entity illageandspillage:axe has no attributes
[18Sep2025 17:23:03.950] [main/ERROR] [net.minecraft.Util/]: Entity cataclysm_spellbooks:extended_laser_beam has no attributes
[18Sep2025 17:23:03.950] [main/ERROR] [net.minecraft.Util/]: Entity cataclysm_spellbooks:extended_death_laser_beam has no attributes
[18Sep2025 17:23:03.950] [main/ERROR] [net.minecraft.Util/]: Entity illageandspillage:bone has no attributes
[18Sep2025 17:23:03.950] [main/ERROR] [net.minecraft.Util/]: Entity illageandspillage:axe has no attributes
[18Sep2025 17:23:03.950] [main/ERROR] [net.minecraft.Util/]: Entity cataclysm_spellbooks:extended_laser_beam has no attributes
[18Sep2025 17:23:03.950] [main/ERROR] [net.minecraft.Util/]: Entity cataclysm_spellbooks:extended_death_laser_beam has no attributes
[18Sep2025 17:23:03.950] [main/ERROR] [net.minecraft.Util/]: Entity illageandspillage:bone has no attributes
[18Sep2025 17:23:03.951] [main/ERROR] [net.minecraft.Util/]: Entity illageandspillage:axe has no attributes
[18Sep2025 17:23:03.951] [main/ERROR] [net.minecraft.Util/]: Entity cataclysm_spellbooks:extended_laser_beam has no attributes
[18Sep2025 17:23:03.951] [main/ERROR] [net.minecraft.Util/]: Entity cataclysm_spellbooks:extended_death_laser_beam has no attributes
[18Sep2025 17:23:03.951] [main/ERROR] [net.minecraft.Util/]: Entity illageandspillage:bone has no attributes
[18Sep2025 17:23:03.951] [main/ERROR] [net.minecraft.Util/]: Entity illageandspillage:axe has no attributes
[18Sep2025 17:23:03.951] [main/ERROR] [net.minecraft.Util/]: Entity cataclysm_spellbooks:extended_laser_beam has no attributes
[18Sep2025 17:23:03.951] [main/ERROR] [net.minecraft.Util/]: Entity cataclysm_spellbooks:extended_death_laser_beam has no attributes
[18Sep2025 17:23:03.951] [main/ERROR] [net.minecraft.Util/]: Entity illageandspillage:bone has no attributes
[18Sep2025 17:23:03.951] [main/ERROR] [net.minecraft.Util/]: Entity illageandspillage:axe has no attributes
[18Sep2025 17:23:03.992] [Forge Version Check/WARN] [net.minecraftforge.fml.VersionChecker/]: Failed to process update information
javax.net.ssl.SSLHandshakeException: PKIX path validation failed: java.security.cert.CertPathValidatorException: validity check failed
	at jdk.internal.net.http.HttpClientImpl.send(HttpClientImpl.java:579) ~[java.net.http:?]
	at jdk.internal.net.http.HttpClientFacade.send(HttpClientFacade.java:123) ~[java.net.http:?]
	at net.minecraftforge.fml.VersionChecker$1.openUrlString(VersionChecker.java:142) ~[fmlcore-1.20.1-47.4.0.jar%23496!/:?]
	at net.minecraftforge.fml.VersionChecker$1.process(VersionChecker.java:180) ~[fmlcore-1.20.1-47.4.0.jar%23496!/:?]
	at java.lang.Iterable.forEach(Iterable.java:75) ~[?:?]
	at net.minecraftforge.fml.VersionChecker$1.run(VersionChecker.java:117) ~[fmlcore-1.20.1-47.4.0.jar%23496!/:?]
Caused by: javax.net.ssl.SSLHandshakeException: PKIX path validation failed: java.security.cert.CertPathValidatorException: validity check failed
	at sun.security.ssl.Alert.createSSLException(Alert.java:131) ~[?:?]
	at sun.security.ssl.TransportContext.fatal(TransportContext.java:383) ~[?:?]
	at sun.security.ssl.TransportContext.fatal(TransportContext.java:326) ~[?:?]
	at sun.security.ssl.TransportContext.fatal(TransportContext.java:321) ~[?:?]
	at sun.security.ssl.CertificateMessage$T12CertificateConsumer.checkServerCerts(CertificateMessage.java:654) ~[?:?]
	at sun.security.ssl.CertificateMessage$T12CertificateConsumer.onCertificate(CertificateMessage.java:473) ~[?:?]
	at sun.security.ssl.CertificateMessage$T12CertificateConsumer.consume(CertificateMessage.java:369) ~[?:?]
	at sun.security.ssl.SSLHandshake.consume(SSLHandshake.java:396) ~[?:?]
	at sun.security.ssl.HandshakeContext.dispatch(HandshakeContext.java:480) ~[?:?]
	at sun.security.ssl.SSLEngineImpl$DelegatedTask$DelegatedAction.run(SSLEngineImpl.java:1277) ~[?:?]
	at sun.security.ssl.SSLEngineImpl$DelegatedTask$DelegatedAction.run(SSLEngineImpl.java:1264) ~[?:?]
	at java.security.AccessController.doPrivileged(AccessController.java:712) ~[?:?]
	at sun.security.ssl.SSLEngineImpl$DelegatedTask.run(SSLEngineImpl.java:1209) ~[?:?]
	at java.util.ArrayList.forEach(ArrayList.java:1511) ~[?:?]
	at jdk.internal.net.http.common.SSLFlowDelegate.lambda$executeTasks$3(SSLFlowDelegate.java:1132) ~[java.net.http:?]
	at jdk.internal.net.http.HttpClientImpl$DelegatingExecutor.execute(HttpClientImpl.java:158) ~[java.net.http:?]
	at jdk.internal.net.http.common.SSLFlowDelegate.executeTasks(SSLFlowDelegate.java:1127) ~[java.net.http:?]
	at jdk.internal.net.http.common.SSLFlowDelegate.doHandshake(SSLFlowDelegate.java:1093) ~[java.net.http:?]
	at jdk.internal.net.http.common.SSLFlowDelegate$Reader.processData(SSLFlowDelegate.java:498) ~[java.net.http:?]
	at jdk.internal.net.http.common.SSLFlowDelegate$Reader$ReaderDownstreamPusher.run(SSLFlowDelegate.java:282) ~[java.net.http:?]
	at jdk.internal.net.http.common.SequentialScheduler$LockingRestartableTask.run(SequentialScheduler.java:205) ~[java.net.http:?]
	at jdk.internal.net.http.common.SequentialScheduler$CompleteRestartableTask.run(SequentialScheduler.java:149) ~[java.net.http:?]
	at jdk.internal.net.http.common.SequentialScheduler$TryEndDeferredCompleter.complete(SequentialScheduler.java:347) ~[java.net.http:?]
	at jdk.internal.net.http.common.SequentialScheduler$CompleteRestartableTask.run(SequentialScheduler.java:151) ~[java.net.http:?]
	at jdk.internal.net.http.common.SequentialScheduler$SchedulableTask.run(SequentialScheduler.java:230) ~[java.net.http:?]
	at java.util.concurrent.ThreadPoolExecutor.runWorker(ThreadPoolExecutor.java:1136) ~[?:?]
	at java.util.concurrent.ThreadPoolExecutor$Worker.run(ThreadPoolExecutor.java:635) ~[?:?]
	at java.lang.Thread.run(Thread.java:840) ~[?:?]
Caused by: sun.security.validator.ValidatorException: PKIX path validation failed: java.security.cert.CertPathValidatorException: validity check failed
	at sun.security.validator.PKIXValidator.doValidate(PKIXValidator.java:369) ~[?:?]
	at sun.security.validator.PKIXValidator.engineValidate(PKIXValidator.java:275) ~[?:?]
	at sun.security.validator.Validator.validate(Validator.java:264) ~[?:?]
	at sun.security.ssl.X509TrustManagerImpl.checkTrusted(X509TrustManagerImpl.java:285) ~[?:?]
	at sun.security.ssl.X509TrustManagerImpl.checkServerTrusted(X509TrustManagerImpl.java:144) ~[?:?]
	at sun.security.ssl.CertificateMessage$T12CertificateConsumer.checkServerCerts(CertificateMessage.java:632) ~[?:?]
	at sun.security.ssl.CertificateMessage$T12CertificateConsumer.onCertificate(CertificateMessage.java:473) ~[?:?]
	at sun.security.ssl.CertificateMessage$T12CertificateConsumer.consume(CertificateMessage.java:369) ~[?:?]
	at sun.security.ssl.SSLHandshake.consume(SSLHandshake.java:396) ~[?:?]
	at sun.security.ssl.HandshakeContext.dispatch(HandshakeContext.java:480) ~[?:?]
	at sun.security.ssl.SSLEngineImpl$DelegatedTask$DelegatedAction.run(SSLEngineImpl.java:1277) ~[?:?]
	at sun.security.ssl.SSLEngineImpl$DelegatedTask$DelegatedAction.run(SSLEngineImpl.java:1264) ~[?:?]
	at java.security.AccessController.doPrivileged(AccessController.java:712) ~[?:?]
	at sun.security.ssl.SSLEngineImpl$DelegatedTask.run(SSLEngineImpl.java:1209) ~[?:?]
	at java.util.ArrayList.forEach(ArrayList.java:1511) ~[?:?]
	at jdk.internal.net.http.common.SSLFlowDelegate.lambda$executeTasks$3(SSLFlowDelegate.java:1132) ~[java.net.http:?]
	at jdk.internal.net.http.HttpClientImpl$DelegatingExecutor.execute(HttpClientImpl.java:158) ~[java.net.http:?]
	at jdk.internal.net.http.common.SSLFlowDelegate.executeTasks(SSLFlowDelegate.java:1127) ~[java.net.http:?]
	at jdk.internal.net.http.common.SSLFlowDelegate.doHandshake(SSLFlowDelegate.java:1093) ~[java.net.http:?]
	at jdk.internal.net.http.common.SSLFlowDelegate$Reader.processData(SSLFlowDelegate.java:498) ~[java.net.http:?]
	at jdk.internal.net.http.common.SSLFlowDelegate$Reader$ReaderDownstreamPusher.run(SSLFlowDelegate.java:282) ~[java.net.http:?]
	at jdk.internal.net.http.common.SequentialScheduler$LockingRestartableTask.run(SequentialScheduler.java:205) ~[java.net.http:?]
	at jdk.internal.net.http.common.SequentialScheduler$CompleteRestartableTask.run(SequentialScheduler.java:149) ~[java.net.http:?]
	at jdk.internal.net.http.common.SequentialScheduler$TryEndDeferredCompleter.complete(SequentialScheduler.java:347) ~[java.net.http:?]
	at jdk.internal.net.http.common.SequentialScheduler$CompleteRestartableTask.run(SequentialScheduler.java:151) ~[java.net.http:?]
	at jdk.internal.net.http.common.SequentialScheduler$SchedulableTask.run(SequentialScheduler.java:230) ~[java.net.http:?]
	at java.util.concurrent.ThreadPoolExecutor.runWorker(ThreadPoolExecutor.java:1136) ~[?:?]
	at java.util.concurrent.ThreadPoolExecutor$Worker.run(ThreadPoolExecutor.java:635) ~[?:?]
	at java.lang.Thread.run(Thread.java:840) ~[?:?]
Caused by: java.security.cert.CertPathValidatorException: validity check failed
	at sun.security.provider.certpath.PKIXMasterCertPathValidator.validate(PKIXMasterCertPathValidator.java:135) ~[?:?]
	at sun.security.provider.certpath.PKIXCertPathValidator.validate(PKIXCertPathValidator.java:224) ~[?:?]
	at sun.security.provider.certpath.PKIXCertPathValidator.validate(PKIXCertPathValidator.java:144) ~[?:?]
	at sun.security.provider.certpath.PKIXCertPathValidator.engineValidate(PKIXCertPathValidator.java:83) ~[?:?]
	at java.security.cert.CertPathValidator.validate(CertPathValidator.java:309) ~[?:?]
	at sun.security.validator.PKIXValidator.doValidate(PKIXValidator.java:364) ~[?:?]
	at sun.security.validator.PKIXValidator.engineValidate(PKIXValidator.java:275) ~[?:?]
	at sun.security.validator.Validator.validate(Validator.java:264) ~[?:?]
	at sun.security.ssl.X509TrustManagerImpl.checkTrusted(X509TrustManagerImpl.java:285) ~[?:?]
	at sun.security.ssl.X509TrustManagerImpl.checkServerTrusted(X509TrustManagerImpl.java:144) ~[?:?]
	at sun.security.ssl.CertificateMessage$T12CertificateConsumer.checkServerCerts(CertificateMessage.java:632) ~[?:?]
	at sun.security.ssl.CertificateMessage$T12CertificateConsumer.onCertificate(CertificateMessage.java:473) ~[?:?]
	at sun.security.ssl.CertificateMessage$T12CertificateConsumer.consume(CertificateMessage.java:369) ~[?:?]
	at sun.security.ssl.SSLHandshake.consume(SSLHandshake.java:396) ~[?:?]
	at sun.security.ssl.HandshakeContext.dispatch(HandshakeContext.java:480) ~[?:?]
	at sun.security.ssl.SSLEngineImpl$DelegatedTask$DelegatedAction.run(SSLEngineImpl.java:1277) ~[?:?]
	at sun.security.ssl.SSLEngineImpl$DelegatedTask$DelegatedAction.run(SSLEngineImpl.java:1264) ~[?:?]
	at java.security.AccessController.doPrivileged(AccessController.java:712) ~[?:?]
	at sun.security.ssl.SSLEngineImpl$DelegatedTask.run(SSLEngineImpl.java:1209) ~[?:?]
	at java.util.ArrayList.forEach(ArrayList.java:1511) ~[?:?]
	at jdk.internal.net.http.common.SSLFlowDelegate.lambda$executeTasks$3(SSLFlowDelegate.java:1132) ~[java.net.http:?]
	at jdk.internal.net.http.HttpClientImpl$DelegatingExecutor.execute(HttpClientImpl.java:158) ~[java.net.http:?]
	at jdk.internal.net.http.common.SSLFlowDelegate.executeTasks(SSLFlowDelegate.java:1127) ~[java.net.http:?]
	at jdk.internal.net.http.common.SSLFlowDelegate.doHandshake(SSLFlowDelegate.java:1093) ~[java.net.http:?]
	at jdk.internal.net.http.common.SSLFlowDelegate$Reader.processData(SSLFlowDelegate.java:498) ~[java.net.http:?]
	at jdk.internal.net.http.common.SSLFlowDelegate$Reader$ReaderDownstreamPusher.run(SSLFlowDelegate.java:282) ~[java.net.http:?]
	at jdk.internal.net.http.common.SequentialScheduler$LockingRestartableTask.run(SequentialScheduler.java:205) ~[java.net.http:?]
	at jdk.internal.net.http.common.SequentialScheduler$CompleteRestartableTask.run(SequentialScheduler.java:149) ~[java.net.http:?]
	at jdk.internal.net.http.common.SequentialScheduler$TryEndDeferredCompleter.complete(SequentialScheduler.java:347) ~[java.net.http:?]
	at jdk.internal.net.http.common.SequentialScheduler$CompleteRestartableTask.run(SequentialScheduler.java:151) ~[java.net.http:?]
	at jdk.internal.net.http.common.SequentialScheduler$SchedulableTask.run(SequentialScheduler.java:230) ~[java.net.http:?]
	at java.util.concurrent.ThreadPoolExecutor.runWorker(ThreadPoolExecutor.java:1136) ~[?:?]
	at java.util.concurrent.ThreadPoolExecutor$Worker.run(ThreadPoolExecutor.java:635) ~[?:?]
	at java.lang.Thread.run(Thread.java:840) ~[?:?]
Caused by: java.security.cert.CertificateExpiredException: NotAfter: Sat Sep 06 14:33:56 UTC 2025
	at sun.security.x509.CertificateValidity.valid(CertificateValidity.java:274) ~[?:?]
	at sun.security.x509.X509CertImpl.checkValidity(X509CertImpl.java:621) ~[?:?]
	at sun.security.provider.certpath.BasicChecker.verifyValidity(BasicChecker.java:190) ~[?:?]
	at sun.security.provider.certpath.BasicChecker.check(BasicChecker.java:144) ~[?:?]
	at sun.security.provider.certpath.PKIXMasterCertPathValidator.validate(PKIXMasterCertPathValidator.java:125) ~[?:?]
	at sun.security.provider.certpath.PKIXCertPathValidator.validate(PKIXCertPathValidator.java:224) ~[?:?]
	at sun.security.provider.certpath.PKIXCertPathValidator.validate(PKIXCertPathValidator.java:144) ~[?:?]
	at sun.security.provider.certpath.PKIXCertPathValidator.engineValidate(PKIXCertPathValidator.java:83) ~[?:?]
	at java.security.cert.CertPathValidator.validate(CertPathValidator.java:309) ~[?:?]
	at sun.security.validator.PKIXValidator.doValidate(PKIXValidator.java:364) ~[?:?]
	at sun.security.validator.PKIXValidator.engineValidate(PKIXValidator.java:275) ~[?:?]
	at sun.security.validator.Validator.validate(Validator.java:264) ~[?:?]
	at sun.security.ssl.X509TrustManagerImpl.checkTrusted(X509TrustManagerImpl.java:285) ~[?:?]
	at sun.security.ssl.X509TrustManagerImpl.checkServerTrusted(X509TrustManagerImpl.java:144) ~[?:?]
	at sun.security.ssl.CertificateMessage$T12CertificateConsumer.checkServerCerts(CertificateMessage.java:632) ~[?:?]
	at sun.security.ssl.CertificateMessage$T12CertificateConsumer.onCertificate(CertificateMessage.java:473) ~[?:?]
	at sun.security.ssl.CertificateMessage$T12CertificateConsumer.consume(CertificateMessage.java:369) ~[?:?]
	at sun.security.ssl.SSLHandshake.consume(SSLHandshake.java:396) ~[?:?]
	at sun.security.ssl.HandshakeContext.dispatch(HandshakeContext.java:480) ~[?:?]
	at sun.security.ssl.SSLEngineImpl$DelegatedTask$DelegatedAction.run(SSLEngineImpl.java:1277) ~[?:?]
	at sun.security.ssl.SSLEngineImpl$DelegatedTask$DelegatedAction.run(SSLEngineImpl.java:1264) ~[?:?]
	at java.security.AccessController.doPrivileged(AccessController.java:712) ~[?:?]
	at sun.security.ssl.SSLEngineImpl$DelegatedTask.run(SSLEngineImpl.java:1209) ~[?:?]
	at java.util.ArrayList.forEach(ArrayList.java:1511) ~[?:?]
	at jdk.internal.net.http.common.SSLFlowDelegate.lambda$executeTasks$3(SSLFlowDelegate.java:1132) ~[java.net.http:?]
	at jdk.internal.net.http.HttpClientImpl$DelegatingExecutor.execute(HttpClientImpl.java:158) ~[java.net.http:?]
	at jdk.internal.net.http.common.SSLFlowDelegate.executeTasks(SSLFlowDelegate.java:1127) ~[java.net.http:?]
	at jdk.internal.net.http.common.SSLFlowDelegate.doHandshake(SSLFlowDelegate.java:1093) ~[java.net.http:?]
	at jdk.internal.net.http.common.SSLFlowDelegate$Reader.processData(SSLFlowDelegate.java:498) ~[java.net.http:?]
	at jdk.internal.net.http.common.SSLFlowDelegate$Reader$ReaderDownstreamPusher.run(SSLFlowDelegate.java:282) ~[java.net.http:?]
	at jdk.internal.net.http.common.SequentialScheduler$LockingRestartableTask.run(SequentialScheduler.java:205) ~[java.net.http:?]
	at jdk.internal.net.http.common.SequentialScheduler$CompleteRestartableTask.run(SequentialScheduler.java:149) ~[java.net.http:?]
	at jdk.internal.net.http.common.SequentialScheduler$TryEndDeferredCompleter.complete(SequentialScheduler.java:347) ~[java.net.http:?]
	at jdk.internal.net.http.common.SequentialScheduler$CompleteRestartableTask.run(SequentialScheduler.java:151) ~[java.net.http:?]
	at jdk.internal.net.http.common.SequentialScheduler$SchedulableTask.run(SequentialScheduler.java:230) ~[java.net.http:?]
	at java.util.concurrent.ThreadPoolExecutor.runWorker(ThreadPoolExecutor.java:1136) ~[?:?]
	at java.util.concurrent.ThreadPoolExecutor$Worker.run(ThreadPoolExecutor.java:635) ~[?:?]
	at java.lang.Thread.run(Thread.java:840) ~[?:?]
[18Sep2025 17:23:03.994] [Forge Version Check/INFO] [net.minecraftforge.fml.VersionChecker/]: [bettertridents] Starting version check at https://raw.githubusercontent.com/Fuzss/modresources/main/update/bettertridents.json
[18Sep2025 17:23:04.005] [Forge Version Check/INFO] [net.minecraftforge.fml.VersionChecker/]: [bettertridents] Found status: UP_TO_DATE Current: 8.0.1 Target: null
[18Sep2025 17:23:04.252] [main/WARN] [net.minecraft.server.packs.VanillaPackResourcesBuilder/]: Assets URL 'union:/workspaces/RES/servidor_minecraft/libraries/net/minecraft/server/1.20.1-20230612.114412/server-1.20.1-20230612.114412-srg.jar%23495!/assets/.mcassetsroot' uses unexpected schema
[18Sep2025 17:23:04.253] [main/WARN] [net.minecraft.server.packs.VanillaPackResourcesBuilder/]: Assets URL 'union:/workspaces/RES/servidor_minecraft/libraries/net/minecraft/server/1.20.1-20230612.114412/server-1.20.1-20230612.114412-srg.jar%23495!/data/.mcassetsroot' uses unexpected schema
[18Sep2025 17:23:04.549] [main/INFO] [com.simibubi.create.Create/]: Created 449 recipes which will be injected into the game
[18Sep2025 17:23:04.559] [main/INFO] [com.simibubi.create.Create/]: Created 19 tags which will be injected into the game
[18Sep2025 17:23:04.989] [main/INFO] [Moonlight/]: Generated runtime resources for 3 packs in a total of: 90 ms
[18Sep2025 17:23:05.610] [main/INFO] [com.teamabnormals.blueprint.core.Blueprint/]: Successfully loaded 0 data remolders!
[18Sep2025 17:23:06.338] [main/INFO] [com.jtorleonstudios.libraryferret.LibraryFerret/]: Structure placement for `awesomedungeonocean:brigantine/start_pool`: { spacing: 50, separation: 25, salt: 254835856, useValueFromConfiguration: true}
[18Sep2025 17:23:06.350] [main/INFO] [com.jtorleonstudios.libraryferret.LibraryFerret/]: Structure placement for `awesomedungeonocean:frigate_large/start_pool`: { spacing: 50, separation: 25, salt: 35482856, useValueFromConfiguration: true}
[18Sep2025 17:23:06.350] [main/INFO] [com.jtorleonstudios.libraryferret.LibraryFerret/]: Structure placement for `awesomedungeonocean:frigate_medium/start_pool`: { spacing: 50, separation: 25, salt: 45482856, useValueFromConfiguration: true}
[18Sep2025 17:23:06.356] [main/INFO] [com.jtorleonstudios.libraryferret.LibraryFerret/]: Structure placement for `awesomedungeonocean:ocean_cage/start_pool`: { spacing: 50, separation: 25, salt: 40842806, useValueFromConfiguration: true}
[18Sep2025 17:23:06.357] [main/INFO] [com.jtorleonstudios.libraryferret.LibraryFerret/]: Structure placement for `awesomedungeonocean:ocean_quad/start_pool`: { spacing: 50, separation: 25, salt: 254835856, useValueFromConfiguration: true}
[18Sep2025 17:23:06.357] [main/INFO] [com.jtorleonstudios.libraryferret.LibraryFerret/]: Structure placement for `awesomedungeonocean:ocean_ruin_pillager/start_pool`: { spacing: 50, separation: 25, salt: 254145856, useValueFromConfiguration: true}
[18Sep2025 17:23:06.357] [main/INFO] [com.jtorleonstudios.libraryferret.LibraryFerret/]: Structure placement for `awesomedungeonocean:ocean_ruin_vanilla_temple/start_pool`: { spacing: 50, separation: 25, salt: 25482856, useValueFromConfiguration: true}
[18Sep2025 17:23:06.358] [main/INFO] [com.jtorleonstudios.libraryferret.LibraryFerret/]: Structure placement for `awesomedungeonocean:ocean_temple_quad/start_pool`: { spacing: 50, separation: 25, salt: 35482856, useValueFromConfiguration: true}
[18Sep2025 17:23:06.358] [main/INFO] [com.jtorleonstudios.libraryferret.LibraryFerret/]: Structure placement for `awesomedungeonocean:ocean_the_column_temple/start_pool`: { spacing: 50, separation: 25, salt: 15482856, useValueFromConfiguration: true}
[18Sep2025 17:23:06.358] [main/INFO] [com.jtorleonstudios.libraryferret.LibraryFerret/]: Structure placement for `awesomedungeonocean:ocean_warn_temple/start_pool`: { spacing: 50, separation: 25, salt: 45482856, useValueFromConfiguration: true}
[18Sep2025 17:23:08.080] [Worker-Main-2/WARN] [artifacts.Artifacts/]: Tag entries for curios:tags/items/magic_book.json cleared by tombstone-1.20.1-9.0.4.jar
[18Sep2025 17:23:08.983] [Worker-Main-3/ERROR] [net.minecraftforge.common.ForgeHooks/]: Couldn't parse element loot_tables:parcool:grant_parcool_guide
com.google.gson.JsonSyntaxException: Expected name to be an item, was unknown string 'patchouli:guide_book'
	at net.minecraft.util.GsonHelper.m_13866_(GsonHelper.java:145) ~[server-1.20.1-20230612.114412-srg.jar%23495!/:?]
	at java.util.Optional.orElseThrow(Optional.java:403) ~[?:?]
	at net.minecraft.util.GsonHelper.m_13874_(GsonHelper.java:145) ~[server-1.20.1-20230612.114412-srg.jar%23495!/:?]
	at net.minecraft.util.GsonHelper.m_13909_(GsonHelper.java:153) ~[server-1.20.1-20230612.114412-srg.jar%23495!/:?]
	at net.minecraft.world.level.storage.loot.entries.LootItem$Serializer.m_7267_(LootItem.java:55) ~[server-1.20.1-20230612.114412-srg.jar%23495!/:?]
	at net.minecraft.world.level.storage.loot.entries.LootItem$Serializer.m_7267_(LootItem.java:40) ~[server-1.20.1-20230612.114412-srg.jar%23495!/:?]
	at net.minecraft.world.level.storage.loot.entries.LootPoolSingletonContainer$Serializer.m_5921_(LootPoolSingletonContainer.java:151) ~[server-1.20.1-20230612.114412-srg.jar%23495!/:?]
	at net.minecraft.world.level.storage.loot.entries.LootPoolSingletonContainer$Serializer.m_5921_(LootPoolSingletonContainer.java:129) ~[server-1.20.1-20230612.114412-srg.jar%23495!/:?]
	at net.minecraft.world.level.storage.loot.entries.LootPoolEntryContainer$Serializer.m_7561_(LootPoolEntryContainer.java:86) ~[server-1.20.1-20230612.114412-srg.jar%23495!/:?]
	at net.minecraft.world.level.storage.loot.entries.LootPoolEntryContainer$Serializer.m_7561_(LootPoolEntryContainer.java:74) ~[server-1.20.1-20230612.114412-srg.jar%23495!/:?]
	at net.minecraft.world.level.storage.loot.GsonAdapterFactory$JsonAdapter.deserialize(GsonAdapterFactory.java:102) ~[server-1.20.1-20230612.114412-srg.jar%23495!/:?]
	at com.google.gson.internal.bind.TreeTypeAdapter.read(TreeTypeAdapter.java:76) ~[gson-2.10.jar%2372!/:?]
	at com.google.gson.internal.bind.TypeAdapterRuntimeTypeWrapper.read(TypeAdapterRuntimeTypeWrapper.java:40) ~[gson-2.10.jar%2372!/:?]
	at com.google.gson.internal.bind.ArrayTypeAdapter.read(ArrayTypeAdapter.java:72) ~[gson-2.10.jar%2372!/:?]
	at com.google.gson.Gson.fromJson(Gson.java:1214) ~[gson-2.10.jar%2372!/:?]
	at com.google.gson.Gson.fromJson(Gson.java:1319) ~[gson-2.10.jar%2372!/:?]
	at com.google.gson.Gson.fromJson(Gson.java:1290) ~[gson-2.10.jar%2372!/:?]
	at com.google.gson.internal.bind.TreeTypeAdapter$GsonContextImpl.deserialize(TreeTypeAdapter.java:179) ~[gson-2.10.jar%2372!/:?]
	at net.minecraft.util.GsonHelper.m_13808_(GsonHelper.java:463) ~[server-1.20.1-20230612.114412-srg.jar%23495!/:?]
	at net.minecraft.util.GsonHelper.m_13836_(GsonHelper.java:471) ~[server-1.20.1-20230612.114412-srg.jar%23495!/:?]
	at net.minecraft.world.level.storage.loot.LootPool$Serializer.deserialize(LootPool.java:192) ~[server-1.20.1-20230612.114412-srg.jar%23495!/:?]
	at net.minecraft.world.level.storage.loot.LootPool$Serializer.deserialize(LootPool.java:189) ~[server-1.20.1-20230612.114412-srg.jar%23495!/:?]
	at com.google.gson.internal.bind.TreeTypeAdapter.read(TreeTypeAdapter.java:76) ~[gson-2.10.jar%2372!/:?]
	at com.google.gson.internal.bind.TypeAdapterRuntimeTypeWrapper.read(TypeAdapterRuntimeTypeWrapper.java:40) ~[gson-2.10.jar%2372!/:?]
	at com.google.gson.internal.bind.ArrayTypeAdapter.read(ArrayTypeAdapter.java:72) ~[gson-2.10.jar%2372!/:?]
	at com.google.gson.Gson.fromJson(Gson.java:1214) ~[gson-2.10.jar%2372!/:?]
	at com.google.gson.Gson.fromJson(Gson.java:1319) ~[gson-2.10.jar%2372!/:?]
	at com.google.gson.Gson.fromJson(Gson.java:1290) ~[gson-2.10.jar%2372!/:?]
	at com.google.gson.internal.bind.TreeTypeAdapter$GsonContextImpl.deserialize(TreeTypeAdapter.java:179) ~[gson-2.10.jar%2372!/:?]
	at net.minecraft.util.GsonHelper.m_13808_(GsonHelper.java:463) ~[server-1.20.1-20230612.114412-srg.jar%23495!/:?]
	at net.minecraft.util.GsonHelper.m_13845_(GsonHelper.java:481) ~[server-1.20.1-20230612.114412-srg.jar%23495!/:?]
	at net.minecraft.world.level.storage.loot.LootTable$Serializer.deserialize(LootTable.java:294) ~[server-1.20.1-20230612.114412-srg.jar%23495!/:?]
	at net.minecraft.world.level.storage.loot.LootTable$Serializer.deserialize(LootTable.java:291) ~[server-1.20.1-20230612.114412-srg.jar%23495!/:?]
	at com.google.gson.internal.bind.TreeTypeAdapter.read(TreeTypeAdapter.java:76) ~[gson-2.10.jar%2372!/:?]
	at com.google.gson.Gson.fromJson(Gson.java:1214) ~[gson-2.10.jar%2372!/:?]
	at com.google.gson.Gson.fromJson(Gson.java:1319) ~[gson-2.10.jar%2372!/:?]
	at com.google.gson.Gson.fromJson(Gson.java:1261) ~[gson-2.10.jar%2372!/:?]
	at net.minecraftforge.common.ForgeHooks.loadLootTable(ForgeHooks.java:871) ~[forge-1.20.1-47.4.0-universal.jar%23500!/:?]
	at net.minecraftforge.common.ForgeHooks.lambda$getLootTableDeserializer$3(ForgeHooks.java:848) ~[forge-1.20.1-47.4.0-universal.jar%23500!/:?]
	at net.minecraft.world.level.storage.loot.LootDataType.deserialize(LootDataType.java:45) ~[server-1.20.1-20230612.114412-srg.jar%23495!/:?]
	at net.minecraft.world.level.storage.loot.LootDataManager.lambda$scheduleElementParse$4(LootDataManager.java:56) ~[server-1.20.1-20230612.114412-srg.jar%23495!/:?]
	at java.util.HashMap.forEach(HashMap.java:1421) ~[?:?]
	at net.minecraft.world.level.storage.loot.LootDataManager.m_278660_(LootDataManager.java:55) ~[server-1.20.1-20230612.114412-srg.jar%23495!/:?]
	at java.util.concurrent.CompletableFuture$AsyncRun.run(CompletableFuture.java:1804) ~[?:?]
	at java.util.concurrent.CompletableFuture$AsyncRun.exec(CompletableFuture.java:1796) ~[?:?]
	at java.util.concurrent.ForkJoinTask.doExec(ForkJoinTask.java:373) ~[?:?]
	at java.util.concurrent.ForkJoinPool$WorkQueue.topLevelExec(ForkJoinPool.java:1182) ~[?:?]
	at java.util.concurrent.ForkJoinPool.scan(ForkJoinPool.java:1655) ~[?:?]
	at java.util.concurrent.ForkJoinPool.runWorker(ForkJoinPool.java:1622) ~[?:?]
	at java.util.concurrent.ForkJoinWorkerThread.run(ForkJoinWorkerThread.java:165) ~[?:?]
[18Sep2025 17:23:09.240] [Worker-Main-3/ERROR] [net.minecraftforge.common.ForgeHooks/]: Couldn't parse element loot_tables:mynethersdelight:blocks/blackstone_cooking_pot
com.google.gson.JsonSyntaxException: Unknown type 'mynethersdelight:copy_meal'
	at net.minecraft.world.level.storage.loot.GsonAdapterFactory$JsonAdapter.deserialize(GsonAdapterFactory.java:99) ~[server-1.20.1-20230612.114412-srg.jar%23495!/:?]
	at com.google.gson.internal.bind.TreeTypeAdapter.read(TreeTypeAdapter.java:76) ~[gson-2.10.jar%2372!/:?]
	at com.google.gson.internal.bind.TypeAdapterRuntimeTypeWrapper.read(TypeAdapterRuntimeTypeWrapper.java:40) ~[gson-2.10.jar%2372!/:?]
	at com.google.gson.internal.bind.ArrayTypeAdapter.read(ArrayTypeAdapter.java:72) ~[gson-2.10.jar%2372!/:?]
	at com.google.gson.Gson.fromJson(Gson.java:1214) ~[gson-2.10.jar%2372!/:?]
	at com.google.gson.Gson.fromJson(Gson.java:1319) ~[gson-2.10.jar%2372!/:?]
	at com.google.gson.Gson.fromJson(Gson.java:1290) ~[gson-2.10.jar%2372!/:?]
	at com.google.gson.internal.bind.TreeTypeAdapter$GsonContextImpl.deserialize(TreeTypeAdapter.java:179) ~[gson-2.10.jar%2372!/:?]
	at net.minecraft.util.GsonHelper.m_13808_(GsonHelper.java:463) ~[server-1.20.1-20230612.114412-srg.jar%23495!/:?]
	at net.minecraft.util.GsonHelper.m_13845_(GsonHelper.java:481) ~[server-1.20.1-20230612.114412-srg.jar%23495!/:?]
	at net.minecraft.world.level.storage.loot.entries.LootPoolSingletonContainer$Serializer.m_5921_(LootPoolSingletonContainer.java:149) ~[server-1.20.1-20230612.114412-srg.jar%23495!/:?]
	at net.minecraft.world.level.storage.loot.entries.LootPoolSingletonContainer$Serializer.m_5921_(LootPoolSingletonContainer.java:129) ~[server-1.20.1-20230612.114412-srg.jar%23495!/:?]
	at net.minecraft.world.level.storage.loot.entries.LootPoolEntryContainer$Serializer.m_7561_(LootPoolEntryContainer.java:86) ~[server-1.20.1-20230612.114412-srg.jar%23495!/:?]
	at net.minecraft.world.level.storage.loot.entries.LootPoolEntryContainer$Serializer.m_7561_(LootPoolEntryContainer.java:74) ~[server-1.20.1-20230612.114412-srg.jar%23495!/:?]
	at net.minecraft.world.level.storage.loot.GsonAdapterFactory$JsonAdapter.deserialize(GsonAdapterFactory.java:102) ~[server-1.20.1-20230612.114412-srg.jar%23495!/:?]
	at com.google.gson.internal.bind.TreeTypeAdapter.read(TreeTypeAdapter.java:76) ~[gson-2.10.jar%2372!/:?]
	at com.google.gson.internal.bind.TypeAdapterRuntimeTypeWrapper.read(TypeAdapterRuntimeTypeWrapper.java:40) ~[gson-2.10.jar%2372!/:?]
	at com.google.gson.internal.bind.ArrayTypeAdapter.read(ArrayTypeAdapter.java:72) ~[gson-2.10.jar%2372!/:?]
	at com.google.gson.Gson.fromJson(Gson.java:1214) ~[gson-2.10.jar%2372!/:?]
	at com.google.gson.Gson.fromJson(Gson.java:1319) ~[gson-2.10.jar%2372!/:?]
	at com.google.gson.Gson.fromJson(Gson.java:1290) ~[gson-2.10.jar%2372!/:?]
	at com.google.gson.internal.bind.TreeTypeAdapter$GsonContextImpl.deserialize(TreeTypeAdapter.java:179) ~[gson-2.10.jar%2372!/:?]
	at net.minecraft.util.GsonHelper.m_13808_(GsonHelper.java:463) ~[server-1.20.1-20230612.114412-srg.jar%23495!/:?]
	at net.minecraft.util.GsonHelper.m_13836_(GsonHelper.java:471) ~[server-1.20.1-20230612.114412-srg.jar%23495!/:?]
	at net.minecraft.world.level.storage.loot.LootPool$Serializer.deserialize(LootPool.java:192) ~[server-1.20.1-20230612.114412-srg.jar%23495!/:?]
	at net.minecraft.world.level.storage.loot.LootPool$Serializer.deserialize(LootPool.java:189) ~[server-1.20.1-20230612.114412-srg.jar%23495!/:?]
	at com.google.gson.internal.bind.TreeTypeAdapter.read(TreeTypeAdapter.java:76) ~[gson-2.10.jar%2372!/:?]
	at com.google.gson.internal.bind.TypeAdapterRuntimeTypeWrapper.read(TypeAdapterRuntimeTypeWrapper.java:40) ~[gson-2.10.jar%2372!/:?]
	at com.google.gson.internal.bind.ArrayTypeAdapter.read(ArrayTypeAdapter.java:72) ~[gson-2.10.jar%2372!/:?]
	at com.google.gson.Gson.fromJson(Gson.java:1214) ~[gson-2.10.jar%2372!/:?]
	at com.google.gson.Gson.fromJson(Gson.java:1319) ~[gson-2.10.jar%2372!/:?]
	at com.google.gson.Gson.fromJson(Gson.java:1290) ~[gson-2.10.jar%2372!/:?]
	at com.google.gson.internal.bind.TreeTypeAdapter$GsonContextImpl.deserialize(TreeTypeAdapter.java:179) ~[gson-2.10.jar%2372!/:?]
	at net.minecraft.util.GsonHelper.m_13808_(GsonHelper.java:463) ~[server-1.20.1-20230612.114412-srg.jar%23495!/:?]
	at net.minecraft.util.GsonHelper.m_13845_(GsonHelper.java:481) ~[server-1.20.1-20230612.114412-srg.jar%23495!/:?]
	at net.minecraft.world.level.storage.loot.LootTable$Serializer.deserialize(LootTable.java:294) ~[server-1.20.1-20230612.114412-srg.jar%23495!/:?]
	at net.minecraft.world.level.storage.loot.LootTable$Serializer.deserialize(LootTable.java:291) ~[server-1.20.1-20230612.114412-srg.jar%23495!/:?]
	at com.google.gson.internal.bind.TreeTypeAdapter.read(TreeTypeAdapter.java:76) ~[gson-2.10.jar%2372!/:?]
	at com.google.gson.Gson.fromJson(Gson.java:1214) ~[gson-2.10.jar%2372!/:?]
	at com.google.gson.Gson.fromJson(Gson.java:1319) ~[gson-2.10.jar%2372!/:?]
	at com.google.gson.Gson.fromJson(Gson.java:1261) ~[gson-2.10.jar%2372!/:?]
	at net.minecraftforge.common.ForgeHooks.loadLootTable(ForgeHooks.java:871) ~[forge-1.20.1-47.4.0-universal.jar%23500!/:?]
	at net.minecraftforge.common.ForgeHooks.lambda$getLootTableDeserializer$3(ForgeHooks.java:848) ~[forge-1.20.1-47.4.0-universal.jar%23500!/:?]
	at net.minecraft.world.level.storage.loot.LootDataType.deserialize(LootDataType.java:45) ~[server-1.20.1-20230612.114412-srg.jar%23495!/:?]
	at net.minecraft.world.level.storage.loot.LootDataManager.lambda$scheduleElementParse$4(LootDataManager.java:56) ~[server-1.20.1-20230612.114412-srg.jar%23495!/:?]
	at java.util.HashMap.forEach(HashMap.java:1421) ~[?:?]
	at net.minecraft.world.level.storage.loot.LootDataManager.m_278660_(LootDataManager.java:55) ~[server-1.20.1-20230612.114412-srg.jar%23495!/:?]
	at java.util.concurrent.CompletableFuture$AsyncRun.run(CompletableFuture.java:1804) ~[?:?]
	at java.util.concurrent.CompletableFuture$AsyncRun.exec(CompletableFuture.java:1796) ~[?:?]
	at java.util.concurrent.ForkJoinTask.doExec(ForkJoinTask.java:373) ~[?:?]
	at java.util.concurrent.ForkJoinPool$WorkQueue.topLevelExec(ForkJoinPool.java:1182) ~[?:?]
	at java.util.concurrent.ForkJoinPool.scan(ForkJoinPool.java:1655) ~[?:?]
	at java.util.concurrent.ForkJoinPool.runWorker(ForkJoinPool.java:1622) ~[?:?]
	at java.util.concurrent.ForkJoinWorkerThread.run(ForkJoinWorkerThread.java:165) ~[?:?]
[18Sep2025 17:23:09.511] [main/INFO] [Sawmill/]: Intercepted tag results
[18Sep2025 17:23:09.511] [main/INFO] [com.teamabnormals.blueprint.core.Blueprint/]: Loot Modification Manager has loaded 0 modifier groups
[18Sep2025 17:23:09.579] [main/WARN] [net.minecraft.world.level.storage.loot.LootDataManager/]: Found loot table element validation problem in {loot_tables:glowroot:chests/glowroot_cart_loot_table}.pools[2].entries[3].functions[1]: Parameters [<parameter minecraft:tool>] are not provided in this context
[18Sep2025 17:23:09.579] [main/WARN] [net.minecraft.world.level.storage.loot.LootDataManager/]: Found loot table element validation problem in {loot_tables:glowroot:chests/glowroot_cart_loot_table}.pools[1].entries[0].functions[1]: Parameters [<parameter minecraft:tool>] are not provided in this context
[18Sep2025 17:23:09.579] [main/WARN] [net.minecraft.world.level.storage.loot.LootDataManager/]: Found loot table element validation problem in {loot_tables:sons_of_sins:entities/walking_bed}.pools[0].entries[0].functions[1]: Parameters [<parameter minecraft:tool>] are not provided in this context
[18Sep2025 17:23:09.580] [main/WARN] [net.minecraft.world.level.storage.loot.LootDataManager/]: Found loot table element validation problem in {loot_tables:sons_of_sins:entities/blud}.pools[0].entries[0].functions[1]: Parameters [<parameter minecraft:tool>] are not provided in this context
[18Sep2025 17:23:09.580] [main/WARN] [net.minecraft.world.level.storage.loot.LootDataManager/]: Found loot table element validation problem in {loot_tables:sons_of_sins:entities/prowler}.pools[0].entries[0].functions[1]: Parameters [<parameter minecraft:tool>] are not provided in this context
[18Sep2025 17:23:09.580] [main/WARN] [net.minecraft.world.level.storage.loot.LootDataManager/]: Found loot table element validation problem in {loot_tables:glowroot:chests/glowroot_cart_loot_table}.pools[0].entries[3].functions[1]: Parameters [<parameter minecraft:tool>] are not provided in this context
[18Sep2025 17:23:09.580] [main/WARN] [net.minecraft.world.level.storage.loot.LootDataManager/]: Found loot table element validation problem in {loot_tables:glowroot:chests/glowroot_cart_loot_table}.pools[2].entries[1].functions[1]: Parameters [<parameter minecraft:tool>] are not provided in this context
[18Sep2025 17:23:09.580] [main/WARN] [net.minecraft.world.level.storage.loot.LootDataManager/]: Found loot table element validation problem in {loot_tables:glowroot:chests/glowroot_cart_loot_table}.pools[2].entries[2].functions[1]: Parameters [<parameter minecraft:tool>] are not provided in this context
[18Sep2025 17:23:09.580] [main/WARN] [net.minecraft.world.level.storage.loot.LootDataManager/]: Found loot table element validation problem in {loot_tables:glowroot:chests/glowroot_cart_loot_table}.pools[0].entries[2].functions[1]: Parameters [<parameter minecraft:tool>] are not provided in this context
[18Sep2025 17:23:09.580] [main/WARN] [net.minecraft.world.level.storage.loot.LootDataManager/]: Found loot table element validation problem in {loot_tables:sons_of_sins:entities/butcher}.pools[0].entries[0].functions[1]: Parameters [<parameter minecraft:tool>] are not provided in this context
[18Sep2025 17:23:09.580] [main/WARN] [net.minecraft.world.level.storage.loot.LootDataManager/]: Found loot table element validation problem in {loot_tables:glowroot:chests/glowroot_cart_loot_table}.pools[2].entries[0].functions[1]: Parameters [<parameter minecraft:tool>] are not provided in this context
[18Sep2025 17:23:09.681] [main/INFO] [net.minecraft.world.item.crafting.RecipeManager/]: Skipping loading recipe supplementaries:inspirations/blackboard_clear as it's serializer returned null
[18Sep2025 17:23:09.792] [main/INFO] [net.minecraft.world.item.crafting.RecipeManager/]: Skipping loading recipe toolbelt:pouch_upgrade_1_via_sewing as it's serializer returned null
[18Sep2025 17:23:09.799] [main/INFO] [net.minecraft.world.item.crafting.RecipeManager/]: Skipping loading recipe supplementaries:inspirations/flag_dye as it's serializer returned null
[18Sep2025 17:23:09.830] [main/ERROR] [net.minecraft.world.item.crafting.RecipeManager/]: Parsing error loading recipe nethersdelight:cutting/hoglin_sausage_alt: com.google.gson.JsonSyntaxException: Unknown item 'nethersdelight:hoglin_loin'
[18Sep2025 17:23:09.840] [main/ERROR] [net.minecraft.world.item.crafting.RecipeManager/]: Parsing error loading recipe parcool:parcool_guide: com.google.gson.JsonSyntaxException: Unknown item 'patchouli:guide_book'
[18Sep2025 17:23:09.874] [main/INFO] [net.minecraft.world.item.crafting.RecipeManager/]: Skipping loading recipe toolbelt:pouch_upgrade_3_via_sewing as it's serializer returned null
[18Sep2025 17:23:09.895] [main/ERROR] [net.minecraft.world.item.crafting.RecipeManager/]: Parsing error loading recipe deeper_and_darker_to_cataclysm:altignitiumhoe: com.google.gson.JsonSyntaxException: Unknown item 'cataclysm_weaponery:ignitium_hoe'
[18Sep2025 17:23:09.929] [main/ERROR] [net.minecraft.world.item.crafting.RecipeManager/]: Parsing error loading recipe tetranomicon:flaming_ruby: com.google.gson.JsonSyntaxException: Unknown item 'betternether:flaming_ruby_upgrade_smithing_template'
[18Sep2025 17:23:09.940] [main/INFO] [net.minecraft.world.item.crafting.RecipeManager/]: Skipping loading recipe toolbelt:pouch_upgrade_4_via_sewing as it's serializer returned null
[18Sep2025 17:23:09.947] [main/ERROR] [net.minecraft.world.item.crafting.RecipeManager/]: Parsing error loading recipe deeper_and_darker_to_cataclysm:ignitiumpickaxe: com.google.gson.JsonSyntaxException: Unknown item 'cataclysm_tools:ignitium_pickaxe'
[18Sep2025 17:23:09.948] [main/ERROR] [net.minecraft.world.item.crafting.RecipeManager/]: Parsing error loading recipe deeper_and_darker_to_cataclysm:ignitiumhoe: com.google.gson.JsonSyntaxException: Unknown item 'cataclysm_tools:ignitium_hoe'
[18Sep2025 17:23:09.971] [main/ERROR] [net.minecraft.world.item.crafting.RecipeManager/]: Parsing error loading recipe glowroot:chrysoprase_candy_bar_trickery: com.google.gson.JsonSyntaxException: Unknown item 'trickery:chrysoprase_bar'
[18Sep2025 17:23:09.981] [main/INFO] [net.minecraft.world.item.crafting.RecipeManager/]: Skipping loading recipe toolbelt:pouch_upgrade_7_via_sewing as it's serializer returned null
[18Sep2025 17:23:10.038] [main/ERROR] [net.minecraft.world.item.crafting.RecipeManager/]: Parsing error loading recipe deeper_and_darker_to_cataclysm:altignitiumshovel: com.google.gson.JsonSyntaxException: Unknown item 'cataclysm_weaponery:ignitium_shovel'
[18Sep2025 17:23:10.069] [main/ERROR] [net.minecraft.world.item.crafting.RecipeManager/]: Parsing error loading recipe tetranomicon:netherite_opal: com.google.gson.JsonSyntaxException: Unknown item 'oresabovediamonds:black_opal'
[18Sep2025 17:23:10.084] [main/ERROR] [net.minecraft.world.item.crafting.RecipeManager/]: Parsing error loading recipe glowroot:glow_candy_trickery: com.google.gson.JsonSyntaxException: Unknown item 'trickery:glow_candy'
[18Sep2025 17:23:10.127] [main/INFO] [net.minecraft.world.item.crafting.RecipeManager/]: Skipping loading recipe toolbelt:pouch_upgrade_5_via_sewing as it's serializer returned null
[18Sep2025 17:23:10.137] [main/ERROR] [net.minecraft.world.item.crafting.RecipeManager/]: Parsing error loading recipe tetranomicon:cincinnasite_diamond: com.google.gson.JsonSyntaxException: Unknown item 'betternether:cincinnasite_diamond_upgrade_smithing_template'
[18Sep2025 17:23:10.138] [main/INFO] [net.minecraft.world.item.crafting.RecipeManager/]: Skipping loading recipe supplementaries:inspirations/flag_clear as it's serializer returned null
[18Sep2025 17:23:10.138] [main/INFO] [net.minecraft.world.item.crafting.RecipeManager/]: Skipping loading recipe toolbelt:belt_via_sewing as it's serializer returned null
[18Sep2025 17:23:10.139] [main/ERROR] [net.minecraft.world.item.crafting.RecipeManager/]: Parsing error loading recipe deeper_and_darker_to_cataclysm:ignitiumaxe: com.google.gson.JsonSyntaxException: Unknown item 'cataclysm_tools:ignitium_axe'
[18Sep2025 17:23:10.140] [main/INFO] [net.minecraft.world.item.crafting.RecipeManager/]: Skipping loading recipe toolbelt:pouch_upgrade_6_via_sewing as it's serializer returned null
[18Sep2025 17:23:10.140] [main/ERROR] [net.minecraft.world.item.crafting.RecipeManager/]: Parsing error loading recipe deeper_and_darker_to_cataclysm:ignitiumshovel: com.google.gson.JsonSyntaxException: Unknown item 'cataclysm_tools:ignitium_shovel'
[18Sep2025 17:23:10.146] [main/ERROR] [net.minecraft.world.item.crafting.RecipeManager/]: Parsing error loading recipe farmersrespite:chilidog_alt: com.google.gson.JsonSyntaxException: Unknown item 'farmersrespite:blazing_chili'
[18Sep2025 17:23:10.148] [main/ERROR] [net.minecraft.world.item.crafting.RecipeManager/]: Parsing error loading recipe deeper_and_darker_to_cataclysm:ignitium_sword: com.google.gson.JsonSyntaxException: Unknown item 'cataclysm_tools:ignitium_sword'
[18Sep2025 17:23:10.150] [main/INFO] [net.minecraft.world.item.crafting.RecipeManager/]: Skipping loading recipe toolbelt:pouch_via_sewing as it's serializer returned null
[18Sep2025 17:23:10.159] [main/ERROR] [net.minecraft.world.item.crafting.RecipeManager/]: Parsing error loading recipe deeper_and_darker_to_cataclysm:altignitiumaxe: com.google.gson.JsonSyntaxException: Unknown item 'cataclysm_weaponery:ignitium_axe'
[18Sep2025 17:23:10.160] [main/ERROR] [net.minecraft.world.item.crafting.RecipeManager/]: Parsing error loading recipe deeper_and_darker_to_cataclysm:altignitiumsword: com.google.gson.JsonSyntaxException: Unknown item 'cataclysm_weaponery:ignitium_sword'
[18Sep2025 17:23:10.161] [main/INFO] [net.minecraft.world.item.crafting.RecipeManager/]: Skipping loading recipe toolbelt:pouch_upgrade_2_via_sewing as it's serializer returned null
[18Sep2025 17:23:10.161] [main/ERROR] [net.minecraft.world.item.crafting.RecipeManager/]: Parsing error loading recipe deeper_and_darker_to_cataclysm:altignitiumpickaxe: com.google.gson.JsonSyntaxException: Unknown item 'cataclysm_weaponery:ignitium_pickaxe'
[18Sep2025 17:23:10.179] [main/INFO] [Sawmill/]: Generating Sawmill Recipes
[18Sep2025 17:23:10.342] [main/INFO] [Sawmill/]: Generated Sawmill recipes in 162 milliseconds
[18Sep2025 17:23:10.347] [main/INFO] [net.minecraft.world.item.crafting.RecipeManager/]: Loaded 39 recipes
[18Sep2025 17:23:10.354] [main/INFO] [com.teamabnormals.blueprint.core.Blueprint/]: Advancement Modification Manager has loaded 0 modifier groups
[18Sep2025 17:23:10.544] [main/INFO] [net.minecraft.advancements.AdvancementList/]: Loaded 4804 advancements
[18Sep2025 17:23:10.552] [main/INFO] [placebo/]: Registered 0 additional recipes.
[18Sep2025 17:23:10.565] [main/INFO] [top.theillusivec4.curios.Curios/]: Loaded 15 curio slots
[18Sep2025 17:23:10.568] [main/INFO] [top.theillusivec4.curios.Curios/]: Loaded 11 curio entities
[18Sep2025 17:23:10.589] [main/WARN] [net.minecraftforge.common.loot.LootModifierManager/]: Unable to decode loot conditions
com.google.gson.JsonSyntaxException: Unknown type 'neoforge:loot_table_id'
	at net.minecraft.world.level.storage.loot.GsonAdapterFactory$JsonAdapter.deserialize(GsonAdapterFactory.java:99) ~[server-1.20.1-20230612.114412-srg.jar%23495!/:?]
	at com.google.gson.internal.bind.TreeTypeAdapter.read(TreeTypeAdapter.java:76) ~[gson-2.10.jar%2372!/:?]
	at com.google.gson.internal.bind.TypeAdapterRuntimeTypeWrapper.read(TypeAdapterRuntimeTypeWrapper.java:40) ~[gson-2.10.jar%2372!/:?]
	at com.google.gson.internal.bind.ArrayTypeAdapter.read(ArrayTypeAdapter.java:72) ~[gson-2.10.jar%2372!/:?]
	at com.google.gson.Gson.fromJson(Gson.java:1214) ~[gson-2.10.jar%2372!/:?]
	at com.google.gson.Gson.fromJson(Gson.java:1319) ~[gson-2.10.jar%2372!/:?]
	at com.google.gson.Gson.fromJson(Gson.java:1290) ~[gson-2.10.jar%2372!/:?]
	at com.google.gson.internal.bind.TreeTypeAdapter$GsonContextImpl.deserialize(TreeTypeAdapter.java:179) ~[gson-2.10.jar%2372!/:?]
	at net.minecraft.util.GsonHelper.m_13808_(GsonHelper.java:463) ~[server-1.20.1-20230612.114412-srg.jar%23495!/:?]
	at net.minecraft.util.GsonHelper.m_13836_(GsonHelper.java:471) ~[server-1.20.1-20230612.114412-srg.jar%23495!/:?]
	at net.minecraft.world.level.storage.loot.predicates.CompositeLootItemCondition$Serializer.m_7561_(CompositeLootItemCondition.java:68) ~[server-1.20.1-20230612.114412-srg.jar%23495!/:?]
	at net.minecraft.world.level.storage.loot.predicates.CompositeLootItemCondition$Serializer.m_7561_(CompositeLootItemCondition.java:60) ~[server-1.20.1-20230612.114412-srg.jar%23495!/:?]
	at net.minecraft.world.level.storage.loot.GsonAdapterFactory$JsonAdapter.deserialize(GsonAdapterFactory.java:102) ~[server-1.20.1-20230612.114412-srg.jar%23495!/:?]
	at com.google.gson.internal.bind.TreeTypeAdapter.read(TreeTypeAdapter.java:76) ~[gson-2.10.jar%2372!/:?]
	at com.google.gson.internal.bind.TypeAdapterRuntimeTypeWrapper.read(TypeAdapterRuntimeTypeWrapper.java:40) ~[gson-2.10.jar%2372!/:?]
	at com.google.gson.internal.bind.ArrayTypeAdapter.read(ArrayTypeAdapter.java:72) ~[gson-2.10.jar%2372!/:?]
	at com.google.gson.Gson.fromJson(Gson.java:1214) ~[gson-2.10.jar%2372!/:?]
	at com.google.gson.Gson.fromJson(Gson.java:1319) ~[gson-2.10.jar%2372!/:?]
	at com.google.gson.Gson.fromJson(Gson.java:1261) ~[gson-2.10.jar%2372!/:?]
	at net.minecraftforge.common.loot.IGlobalLootModifier.lambda$static$1(IGlobalLootModifier.java:39) ~[forge-1.20.1-47.4.0-universal.jar%23500!/:?]
	at com.mojang.serialization.Decoder$1.lambda$decode$1(Decoder.java:49) ~[datafixerupper-6.0.8.jar%2377!/:?]
	at com.mojang.serialization.DataResult.lambda$flatMap$11(DataResult.java:139) ~[datafixerupper-6.0.8.jar%2377!/:?]
	at com.mojang.datafixers.util.Either$Left.map(Either.java:38) ~[datafixerupper-6.0.8.jar%2377!/:?]
	at com.mojang.serialization.DataResult.flatMap(DataResult.java:137) ~[datafixerupper-6.0.8.jar%2377!/:?]
	at com.mojang.serialization.Decoder$1.decode(Decoder.java:49) ~[datafixerupper-6.0.8.jar%2377!/:?]
	at com.mojang.serialization.Codec$2.decode(Codec.java:71) ~[datafixerupper-6.0.8.jar%2377!/:?]
	at com.mojang.serialization.Decoder.parse(Decoder.java:18) ~[datafixerupper-6.0.8.jar%2377!/:?]
	at com.mojang.serialization.codecs.FieldDecoder.decode(FieldDecoder.java:29) ~[datafixerupper-6.0.8.jar%2377!/:?]
	at com.mojang.serialization.MapCodec$1.decode(MapCodec.java:34) ~[datafixerupper-6.0.8.jar%2377!/:?]
	at com.mojang.serialization.codecs.RecordCodecBuilder$Instance$3.decode(RecordCodecBuilder.java:248) ~[datafixerupper-6.0.8.jar%2377!/:?]
	at com.mojang.serialization.codecs.RecordCodecBuilder$2.decode(RecordCodecBuilder.java:107) ~[datafixerupper-6.0.8.jar%2377!/:?]
	at com.mojang.serialization.codecs.KeyDispatchCodec.lambda$decode$3(KeyDispatchCodec.java:67) ~[datafixerupper-6.0.8.jar%2377!/:?]
	at com.mojang.serialization.DataResult.lambda$flatMap$11(DataResult.java:139) ~[datafixerupper-6.0.8.jar%2377!/:?]
	at com.mojang.datafixers.util.Either$Left.map(Either.java:38) ~[datafixerupper-6.0.8.jar%2377!/:?]
	at com.mojang.serialization.DataResult.flatMap(DataResult.java:137) ~[datafixerupper-6.0.8.jar%2377!/:?]
	at com.mojang.serialization.codecs.KeyDispatchCodec.lambda$decode$4(KeyDispatchCodec.java:58) ~[datafixerupper-6.0.8.jar%2377!/:?]
	at com.mojang.serialization.DataResult.lambda$flatMap$11(DataResult.java:139) ~[datafixerupper-6.0.8.jar%2377!/:?]
	at com.mojang.datafixers.util.Either$Left.map(Either.java:38) ~[datafixerupper-6.0.8.jar%2377!/:?]
	at com.mojang.serialization.DataResult.flatMap(DataResult.java:137) ~[datafixerupper-6.0.8.jar%2377!/:?]
	at com.mojang.serialization.codecs.KeyDispatchCodec.decode(KeyDispatchCodec.java:56) ~[datafixerupper-6.0.8.jar%2377!/:?]
	at com.mojang.serialization.MapDecoder.lambda$compressedDecode$1(MapDecoder.java:52) ~[datafixerupper-6.0.8.jar%2377!/:?]
	at com.mojang.serialization.DataResult.lambda$flatMap$11(DataResult.java:139) ~[datafixerupper-6.0.8.jar%2377!/:?]
	at com.mojang.datafixers.util.Either$Left.map(Either.java:38) ~[datafixerupper-6.0.8.jar%2377!/:?]
	at com.mojang.serialization.DataResult.flatMap(DataResult.java:137) ~[datafixerupper-6.0.8.jar%2377!/:?]
	at com.mojang.serialization.MapDecoder.compressedDecode(MapDecoder.java:52) ~[datafixerupper-6.0.8.jar%2377!/:?]
	at com.mojang.serialization.MapCodec$MapCodecCodec.decode(MapCodec.java:91) ~[datafixerupper-6.0.8.jar%2377!/:?]
	at com.mojang.serialization.Decoder.parse(Decoder.java:18) ~[datafixerupper-6.0.8.jar%2377!/:?]
	at net.minecraftforge.common.loot.LootModifierManager.apply(LootModifierManager.java:79) ~[forge-1.20.1-47.4.0-universal.jar%23500!/:?]
	at net.minecraftforge.common.loot.LootModifierManager.m_5787_(LootModifierManager.java:38) ~[forge-1.20.1-47.4.0-universal.jar%23500!/:?]
	at net.minecraft.server.packs.resources.SimplePreparableReloadListener.m_10789_(SimplePreparableReloadListener.java:13) ~[server-1.20.1-20230612.114412-srg.jar%23495!/:?]
	at java.util.concurrent.CompletableFuture$UniAccept.tryFire(CompletableFuture.java:718) ~[?:?]
	at java.util.concurrent.CompletableFuture$Completion.run(CompletableFuture.java:482) ~[?:?]
	at net.minecraft.server.packs.resources.SimpleReloadInstance.m_143940_(SimpleReloadInstance.java:69) ~[server-1.20.1-20230612.114412-srg.jar%23495!/:?]
	at net.minecraft.Util.m_214652_(Util.java:783) ~[server-1.20.1-20230612.114412-srg.jar%23495!/:?]
	at net.minecraft.Util.m_214679_(Util.java:772) ~[server-1.20.1-20230612.114412-srg.jar%23495!/:?]
	at net.minecraft.server.Main.main(Main.java:166) ~[server-1.20.1-20230612.114412-srg.jar%23495!/:?]
	at jdk.internal.reflect.NativeMethodAccessorImpl.invoke0(Native Method) ~[?:?]
	at jdk.internal.reflect.NativeMethodAccessorImpl.invoke(NativeMethodAccessorImpl.java:77) ~[?:?]
	at jdk.internal.reflect.DelegatingMethodAccessorImpl.invoke(DelegatingMethodAccessorImpl.java:43) ~[?:?]
	at java.lang.reflect.Method.invoke(Method.java:569) ~[?:?]
	at net.minecraftforge.fml.loading.targets.CommonLaunchHandler.runTarget(CommonLaunchHandler.java:111) ~[fmlloader-1.20.1-47.4.0.jar%2369!/:?]
	at net.minecraftforge.fml.loading.targets.CommonLaunchHandler.serverService(CommonLaunchHandler.java:103) ~[fmlloader-1.20.1-47.4.0.jar%2369!/:?]
	at net.minecraftforge.fml.loading.targets.CommonServerLaunchHandler.lambda$makeService$0(CommonServerLaunchHandler.java:27) ~[fmlloader-1.20.1-47.4.0.jar%2369!/:?]
	at cpw.mods.modlauncher.LaunchServiceHandlerDecorator.launch(LaunchServiceHandlerDecorator.java:30) ~[modlauncher-10.0.9.jar%2355!/:?]
	at cpw.mods.modlauncher.LaunchServiceHandler.launch(LaunchServiceHandler.java:53) ~[modlauncher-10.0.9.jar%2355!/:?]
	at cpw.mods.modlauncher.LaunchServiceHandler.launch(LaunchServiceHandler.java:71) ~[modlauncher-10.0.9.jar%2355!/:?]
	at cpw.mods.modlauncher.Launcher.run(Launcher.java:108) ~[modlauncher-10.0.9.jar%2355!/:?]
	at cpw.mods.modlauncher.Launcher.main(Launcher.java:78) ~[modlauncher-10.0.9.jar%2355!/:?]
	at cpw.mods.modlauncher.BootstrapLaunchConsumer.accept(BootstrapLaunchConsumer.java:26) ~[modlauncher-10.0.9.jar%2355!/:?]
	at cpw.mods.modlauncher.BootstrapLaunchConsumer.accept(BootstrapLaunchConsumer.java:23) ~[modlauncher-10.0.9.jar%2355!/:?]
	at cpw.mods.bootstraplauncher.BootstrapLauncher.main(BootstrapLauncher.java:141) ~[bootstraplauncher-1.1.2.jar:?]
[18Sep2025 17:23:10.591] [main/WARN] [net.minecraftforge.common.loot.LootModifierManager/]: Could not decode GlobalLootModifier with json id crittersandcompanions:inject_clams - error: Unknown type 'neoforge:loot_table_id'
[18Sep2025 17:23:10.624] [main/INFO] [Fast Config API/]: Config 'compatible-containers-common.toml' is requesting data from url 'https://raw.githubusercontent.com/Infinituum17/LabellingContainers/1.20.1/defaults/configs/compatible-containers.json'...
[18Sep2025 17:23:10.674] [main/INFO] [Fast Config API/]: Config 'compatible-containers-common.toml' was successfully loaded
[18Sep2025 17:23:10.707] [main/INFO] [Supplementaries/]: Loaded 27 flute songs
[18Sep2025 17:23:10.717] [main/INFO] [com.teamabnormals.blueprint.core.Blueprint/]: Chunk Generator Modification Manager has loaded 0 modifier groups
[18Sep2025 17:23:10.783] [main/INFO] [placebo/]: Registered 0 gear_sets.
[18Sep2025 17:23:10.785] [main/INFO] [se.mickelus.mutil.data.DataStore/]: Loaded   2 tiers
[18Sep2025 17:23:10.786] [main/INFO] [se.mickelus.mutil.data.DataStore/]: Loaded   8 tweaks
[18Sep2025 17:23:10.789] [main/INFO] [se.mickelus.mutil.data.MergingDataStore/]: Loaded 116 materials
[18Sep2025 17:23:10.799] [main/INFO] [se.mickelus.mutil.data.DataStore/]: Loaded 133 improvements
[18Sep2025 17:23:10.855] [main/INFO] [se.mickelus.mutil.data.MergingDataStore/]: Loaded  78 modules
[18Sep2025 17:23:10.997] [main/INFO] [se.mickelus.mutil.data.DataStore/]: Loaded   0 enchantments
[18Sep2025 17:23:10.997] [main/INFO] [se.mickelus.mutil.data.DataStore/]: Loaded  22 synergies
[18Sep2025 17:23:10.999] [main/INFO] [se.mickelus.mutil.data.DataStore/]: Loaded  14 replacements
[18Sep2025 17:23:11.008] [main/INFO] [se.mickelus.mutil.data.MergingDataStore/]: Loaded 374 schematics
[18Sep2025 17:23:11.074] [main/INFO] [se.mickelus.mutil.data.MergingDataStore/]: Loaded  18 crafting_effects
[18Sep2025 17:23:11.078] [main/INFO] [se.mickelus.mutil.data.DataStore/]: Loaded  35 repairs
[18Sep2025 17:23:11.081] [main/INFO] [se.mickelus.mutil.data.DataStore/]: Loaded   2 actions
[18Sep2025 17:23:11.082] [main/INFO] [se.mickelus.mutil.data.DataStore/]: Loaded   0 destabilization
[18Sep2025 17:23:11.083] [main/INFO] [se.mickelus.mutil.data.DataStore/]: Loaded   0 unlocks
[18Sep2025 17:23:11.083] [main/INFO] [se.mickelus.mutil.data.DataStore/]: Loaded   0 archetypes
[18Sep2025 17:23:11.083] [main/INFO] [se.mickelus.mutil.data.DataStore/]: Loaded   0 item_effects
[18Sep2025 17:23:11.226] [main/INFO] [com.ordana.immersive_weathering.ImmersiveWeathering/]: Loaded 78 block growths configurations
[18Sep2025 17:23:11.232] [main/INFO] [com.ordana.immersive_weathering.ImmersiveWeathering/]: Loaded 14 liquid generators configurations
[18Sep2025 17:23:11.243] [main/INFO] [Moonlight/]: Applied 20 data villager trades
[18Sep2025 17:23:11.365] [main/INFO] [Supplementaries/]: Finished additional setup in 0 ms
[18Sep2025 17:23:11.391] [main/WARN] [ModernFix/]: Initial datapack load took 6.639 s
[18Sep2025 17:23:11.699] [Server thread/INFO] [net.minecraft.server.dedicated.DedicatedServer/]: Starting minecraft server version 1.20.1
[18Sep2025 17:23:11.700] [Server thread/INFO] [net.minecraft.server.dedicated.DedicatedServer/]: Loading properties
[18Sep2025 17:23:11.700] [Server thread/INFO] [net.minecraft.server.dedicated.DedicatedServer/]: Default game type: SURVIVAL
[18Sep2025 17:23:11.700] [Server thread/INFO] [net.minecraft.server.MinecraftServer/]: Generating keypair
[18Sep2025 17:23:11.760] [Server thread/INFO] [net.minecraft.server.dedicated.DedicatedServer/]: Starting Minecraft server on *:25565
[18Sep2025 17:23:11.788] [Server thread/INFO] [net.minecraft.server.network.ServerConnectionListener/]: Using epoll channel type
[18Sep2025 17:23:11.855] [Server thread/WARN] [net.minecraft.server.dedicated.DedicatedServer/]: **** SERVER IS RUNNING IN OFFLINE/INSECURE MODE!
[18Sep2025 17:23:11.855] [Server thread/WARN] [net.minecraft.server.dedicated.DedicatedServer/]: The server will make no attempt to authenticate usernames. Beware.
[18Sep2025 17:23:11.855] [Server thread/WARN] [net.minecraft.server.dedicated.DedicatedServer/]: While this makes the game possible to play without internet access, it also opens up the ability for hackers to connect with any username they choose.
[18Sep2025 17:23:11.856] [Server thread/WARN] [net.minecraft.server.dedicated.DedicatedServer/]: To change this, set "online-mode" to "true" in the server.properties file.
[18Sep2025 17:23:11.870] [Server thread/INFO] [Puzzles Lib/]: Loading server config for easyanvils
[18Sep2025 17:23:11.882] [Server thread/INFO] [Puzzles Lib/]: Loading server config for easymagic
[18Sep2025 17:23:11.890] [Server thread/INFO] [Puzzles Lib/]: Loading server config for bettertridents
[18Sep2025 17:23:12.146] [Server thread/INFO] [Sawmill/]: Injecting Carpenter Village Houses
[18Sep2025 17:23:12.159] [Server thread/INFO] [zeta/]: Server starting, accepting filewatcher changes for zeta's config
[18Sep2025 17:23:12.195] [Server thread/INFO] [Framework/]: Loading server configs...
[18Sep2025 17:23:12.215] [Server thread/INFO] [net.minecraft.server.dedicated.DedicatedServer/]: Preparing level "world"
[18Sep2025 17:23:12.654] [Server thread/INFO] [com.cupboard.Cupboard/]: Loaded config for: betterchunkloading.json
[18Sep2025 17:23:12.848] [Server thread/WARN] [net.minecraft.network.syncher.SynchedEntityData/]: defineId called for: class fuzs.bettertridents.world.entity.item.LoyalItemEntity from class fuzs.bettertridents.world.entity.item.LoyalExperienceOrb
[18Sep2025 17:23:12.894] [Server thread/WARN] [net.minecraft.network.syncher.SynchedEntityData/]: defineId called for: class com.cerbon.bosses_of_mass_destruction.entity.custom.obsidilith.ObsidilithEntity from class com.cerbon.bosses_of_mass_destruction.entity.custom.obsidilith.ObsidilithUtils
[18Sep2025 17:23:12.898] [Server thread/WARN] [net.minecraft.network.syncher.SynchedEntityData/]: defineId called for: class com.cerbon.bosses_of_mass_destruction.entity.custom.gauntlet.GauntletEntity from class com.cerbon.bosses_of_mass_destruction.projectile.PetalBladeProjectile
[18Sep2025 17:23:12.903] [Server thread/WARN] [net.minecraft.network.syncher.SynchedEntityData/]: defineId called for: class com.cerbon.bosses_of_mass_destruction.entity.util.BaseEntity from class com.cerbon.bosses_of_mass_destruction.entity.custom.void_blossom.hitbox.NetworkedHitboxManager
[18Sep2025 17:23:13.548] [Server thread/INFO] [net.minecraft.server.MinecraftServer/]: Preparing start region for dimension minecraft:overworld
[18Sep2025 17:23:13.557] [Server thread/WARN] [mixin/]: Method overwrite conflict for removeIf in lithium.mixins.json:world.chunk_tickets.SortedArraySetMixin, previously written by org.embeddedt.modernfix.common.mixin.bugfix.paper_chunk_patches.SortedArraySetMixin. Skipping method.
[18Sep2025 17:23:15.333] [Server thread/INFO] [net.minecraft.server.level.progress.LoggerChunkProgressListener/]: Preparing spawn area: 0%
[18Sep2025 17:23:15.334] [Server thread/INFO] [net.minecraft.server.level.progress.LoggerChunkProgressListener/]: Preparing spawn area: 0%
[18Sep2025 17:23:15.335] [Server thread/INFO] [net.minecraft.server.level.progress.LoggerChunkProgressListener/]: Preparing spawn area: 0%
[18Sep2025 17:23:15.335] [Server thread/INFO] [net.minecraft.server.level.progress.LoggerChunkProgressListener/]: Preparing spawn area: 0%
[18Sep2025 17:23:15.556] [Worker-Main-2/INFO] [net.minecraft.server.level.progress.LoggerChunkProgressListener/]: Preparing spawn area: 0%
[18Sep2025 17:23:15.954] [Server thread/INFO] [net.minecraft.server.level.progress.LoggerChunkProgressListener/]: Time elapsed: 2404 ms
[18Sep2025 17:23:15.954] [Server thread/INFO] [net.minecraft.server.dedicated.DedicatedServer/]: Done (4.087s)! For help, type "help"
[18Sep2025 17:23:16.091] [Server thread/INFO] [net.minecraftforge.server.permission.PermissionAPI/]: Successfully initialized permission handler forge:default_handler
[18Sep2025 17:23:16.124] [Server thread/INFO] [com.rajhab.morevanillashields_mod.morevanillashields/]: morevanillashields: This mod is now running on a server. Please report any error or bugs.
[18Sep2025 17:23:16.200] [Server thread/WARN] [net.minecraft.network.syncher.SynchedEntityData/]: defineId called for: class net.minecraft.world.entity.player.Player from class tschipp.carryon.common.carry.CarryOnDataManager
[18Sep2025 17:23:16.286] [Server thread/INFO] [com.yellowbrossproductions.illageandspillage.IllageAndSpillage/]: Removed entity.illageandspillage.boss_randomizer from Raids to prevent a post-mod-removal crash
[18Sep2025 17:23:16.287] [Server thread/INFO] [com.yellowbrossproductions.illageandspillage.IllageAndSpillage/]: Removed entity.illageandspillage.igniter from Raids to prevent a post-mod-removal crash
[18Sep2025 17:23:16.288] [Server thread/INFO] [com.yellowbrossproductions.illageandspillage.IllageAndSpillage/]: Removed entity.illageandspillage.engineer from Raids to prevent a post-mod-removal crash
[18Sep2025 17:23:16.288] [Server thread/INFO] [com.yellowbrossproductions.illageandspillage.IllageAndSpillage/]: Removed entity.illageandspillage.twittollager from Raids to prevent a post-mod-removal crash
[18Sep2025 17:23:16.288] [Server thread/INFO] [com.yellowbrossproductions.illageandspillage.IllageAndSpillage/]: Removed entity.illageandspillage.magispeller from Raids to prevent a post-mod-removal crash
[18Sep2025 17:23:16.288] [Server thread/INFO] [com.yellowbrossproductions.illageandspillage.IllageAndSpillage/]: Removed entity.illageandspillage.spiritcaller from Raids to prevent a post-mod-removal crash
[18Sep2025 17:23:16.289] [Server thread/INFO] [com.yellowbrossproductions.illageandspillage.IllageAndSpillage/]: Removed entity.illageandspillage.crocofang from Raids to prevent a post-mod-removal crash
[18Sep2025 17:23:16.289] [Server thread/INFO] [com.yellowbrossproductions.illageandspillage.IllageAndSpillage/]: Removed entity.illageandspillage.absorber from Raids to prevent a post-mod-removal crash
[18Sep2025 17:23:16.289] [Server thread/INFO] [com.yellowbrossproductions.illageandspillage.IllageAndSpillage/]: Removed entity.illageandspillage.preserver from Raids to prevent a post-mod-removal crash
[18Sep2025 17:23:16.289] [Server thread/INFO] [com.yellowbrossproductions.illageandspillage.IllageAndSpillage/]: Removed entity.illageandspillage.freakager from Raids to prevent a post-mod-removal crash
[18Sep2025 17:23:16.292] [Server thread/INFO] [com.yellowbrossproductions.illageandspillage.IllageAndSpillage/]: Removed entity.illageandspillage.old_freakager from Raids to prevent a post-mod-removal crash
[18Sep2025 17:23:16.292] [Server thread/INFO] [com.yellowbrossproductions.illageandspillage.IllageAndSpillage/]: Removed entity.illageandspillage.old_magispeller from Raids to prevent a post-mod-removal crash
[18Sep2025 17:23:16.307] [Server thread/WARN] [ModernFix/]: Dedicated server took 82.896 seconds to load
[18Sep2025 17:24:24.189] [Server thread/INFO] [net.minecraft.server.players.PlayerList/]: Daniel_ANT_25[/100.125.237.60:64831] logged in with entity id 1304 at (-3538.692233066453, 308.0, 2362.658989203364)
[18Sep2025 17:24:24.435] [Server thread/INFO] [STDOUT/]: [com.teamremastered.endrem.registers.ERTabs:lambda$static$1:47]: Items Registered
[18Sep2025 17:24:24.789] [Server thread/INFO] [ModernFix/]: Using enhanced recipe sync for player Daniel_ANT_25
[18Sep2025 17:24:24.851] [Server thread/INFO] [net.minecraft.server.MinecraftServer/]: Daniel_ANT_25 joined the game
[18Sep2025 17:24:25.010] [Server thread/INFO] [se.mickelus.tetra.data.DataManager/]: Sending data to client: Daniel_ANT_25
[18Sep2025 17:24:30.180] [Server thread/INFO] [com.alrex.parcool.ParCool/]: Limitation of 1ee15707-1b35-30c0-b9ce-423f6b9cef06 was loaded
[18Sep2025 17:24:30.182] [Server thread/INFO] [com.alrex.parcool.ParCool/]: Sent Server Limitation of [Daniel_ANT_25]
[18Sep2025 17:24:30.182] [Server thread/INFO] [com.alrex.parcool.ParCool/]: Received Client Information of [Daniel_ANT_25]
[18Sep2025 17:24:30.200] [Server thread/WARN] [waterframes/]: Server seems overloading, jumping 7770ms or 155 ticks
[18Sep2025 17:24:30.200] [Server thread/WARN] [net.minecraft.server.MinecraftServer/]: Can't keep up! Is the server overloaded? Running 6088ms or 121 ticks behind
[18Sep2025 17:25:38.073] [Server thread/INFO] [net.minecraft.server.MinecraftServer/]: [Daniel_ANT_25: Gave 20 experience points to Daniel_ANT_25]
[18Sep2025 17:27:37.799] [Server thread/INFO] [net.minecraft.server.MinecraftServer/]: [Daniel_ANT_25: Gave 60 experience points to Daniel_ANT_25]
[18Sep2025 17:28:00.741] [Server thread/INFO] [net.minecraft.server.MinecraftServer/]: [Daniel_ANT_25: Set own game mode to Creative Mode]
[18Sep2025 17:28:58.018] [Server thread/INFO] [net.minecraft.server.MinecraftServer/]: [Daniel_ANT_25: Set own game mode to Survival Mode]
[18Sep2025 17:29:13.191] [Server thread/INFO] [net.minecraft.server.MinecraftServer/]: [Daniel_ANT_25: Gave 5 experience points to Daniel_ANT_25]
[18Sep2025 17:29:27.449] [Server thread/INFO] [net.minecraft.server.MinecraftServer/]: [Daniel_ANT_25: Set own game mode to Creative Mode]
[18Sep2025 17:29:47.689] [Server thread/INFO] [net.minecraft.server.MinecraftServer/]: [Daniel_ANT_25: Gave 10 experience points to Daniel_ANT_25]
[18Sep2025 17:29:54.082] [Server thread/INFO] [net.minecraft.server.MinecraftServer/]: [Daniel_ANT_25: Gave 3 experience points to Daniel_ANT_25]
[18Sep2025 17:30:01.191] [Server thread/INFO] [net.minecraft.server.MinecraftServer/]: [Daniel_ANT_25: Gave 1 experience points to Daniel_ANT_25]
[18Sep2025 17:30:09.135] [Server thread/INFO] [net.minecraft.server.MinecraftServer/]: [Daniel_ANT_25: Set own game mode to Survival Mode]
[18Sep2025 17:31:27.801] [Server thread/INFO] [net.minecraft.server.MinecraftServer/]: [Daniel_ANT_25: Gave 25250 experience points to Daniel_ANT_25]
